rwe_type,rwe_closure_type,rwe_status,rwe_start_dt,rwe_end_dt,rwe_publish_text,subject_pref_rdname,traffic_delay,speed_limit,lanes_affected
Road construction, entry/exit ramp closed,Pending,2018-06-28T11:30:00,2018-08-30T19:00:00,Full week including weekends - Sunday to Saturday daily works from 09:30 PM to 05:00 AM. Roadworks speed limit 60 km/h. Traffic delay 0 to 5 min. ,BULLA-TULLAMARINE OUT RAMP ON,0 to 5 min,60,0
Road maintenance, road closed,Pending,2018-08-10T10:00:00,2018-09-13T20:00:00,Nightly works between 8:00pm and 6:00am. Roadworks speed limit 40 km/h. Traffic delay 0 to 5 min. ,BALLARAT ROAD ,0 to 5 min,40,0
Road construction, lanes closed outbound,Pending,2018-08-15T10:00:00,2018-10-12T19:00:00,other daily works from 08:00 PM to 06:00 AM. Roadworks speed limit 40 km/h. Traffic delay 0 to 5 min. ,PRINCES FREEWAY ,0 to 5 min,40,0
Road construction,1 lane closed outbound,Pending,2017-04-19T08:00:00,2018-08-30T23:30:00,Full week including weekends - Sunday to Saturday daily works from 06:00 PM to 09:30 AM. Roadworks speed limit 40 km/h. Traffic delay 0 to 5 min. ,PRINCES FREEWAY ,0 to 5 min,40,1
Road construction, entry/exit ramp closed,Active,2018-08-09T10:00:00,2018-08-30T19:00:00,Full week including weekends - Sunday to Saturday daily works from 08:00 PM to 05:00 AM. Roadworks speed limit 40 km/h. Traffic delay 0 to 5 min. ,TULLAMARINE FREEWAY ,0 to 5 min,40,0
Road construction, entry/exit ramp closed,Pending,2018-08-16T10:00:00,2018-08-30T19:00:00,Weekdays only - Monday to Friday daily works from 08:00 PM to 05:00 AM. Roadworks speed limit 60 km/h. Traffic delay 0 to 5 min. ,TULLAMARINE OUT-MICKLEHAM RAMP OF,0 to 5 min,60,0
Road construction,1 lane closed altona bound,Active,2017-06-26T10:30:00,2018-09-11T20:00:00,other daily works from 08:30 PM to 06:00 AM. Roadworks speed limit 40 km/h. Traffic delay 0 to 5 min. ,WESTERN RING ROAD ,0 to 5 min,40,1
Road maintenance,1 lane closed both directions,Pending,2017-05-14T23:00:00,2018-08-31T05:30:00,Full week including weekends - Sunday to Saturday daily works from 09:00 AM to 03:30 PM. Roadworks speed limit 40 km/h. Traffic delay 0 to 5 min. ,WESTERN RING ROAD ,0 to 5 min,40,1
Road construction, road closed,Pending,2018-07-09T10:00:00,2019-06-29T20:00:00,Full week including weekends - Sunday to Saturday daily works from 08:00 PM to 06:00 AM. Roadworks speed limit 40 km/h. Traffic delay 6 to 10 min. ,CORRIGAN ROAD ,6 to 10 min,40,3
Utility works, road closed,Pending,2018-06-16T23:30:00,2019-01-20T04:30:00,Road is closed for gas main renewal works. ,GLENCAIRN AVENUE ,0 to 5 min,40,2
Road maintenance,1 lane closed westbound,Pending,2017-11-02T23:00:00,2018-09-26T05:30:00,Weekdays only - Monday to Friday daily works from 10:00 AM to 03:30 PM. Roadworks speed limit 40 km/h. Traffic delay 0 to 5 min. ,WESTERN RING ROAD ,0 to 5 min,40,1
Road construction,2 lanes closed greensborough bound,Pending,2016-10-31T10:30:00,2018-09-11T19:00:00,"Up to two lanes closed Greensborough-bound on the EJ Whitten Bridge Friday and Saturday night (1 and 2 Sept) 8.30pm until 5.30am. Roadworks speed limit 40 km/h. Please allow an extra 10-15 minutes, if you're travelling through the area",WESTERN RING ROAD ,6 to 10 min,40,2
Road construction, road closed,Pending,2018-08-15T21:00:00,2019-06-30T09:00:00,Full week including weekends - Sunday to Saturday daily works from 07:00 AM to 07:00 PM. Roadworks speed limit 40 km/h. Traffic delay 0 to 5 min. ,MONS PARADE ,0 to 5 min,40,0
Road maintenance,1 lane closed inbound,Pending,2018-04-30T23:30:00,2018-12-31T04:30:00,Full week including weekends - Sunday to Saturday daily works from 09:30 AM to 03:30 PM. Roadworks speed limit 40 km/h. Traffic delay 0 to 5 min. ,MORNINGTON PENINSULA FREEWAY ,0 to 5 min,40,1
Road construction, entry/exit ramp closed,Active,2018-07-06T11:30:00,2018-08-30T19:00:00,other daily works from 09:30 PM to 05:00 AM. Roadworks speed limit 40 km/h. Traffic delay 0 to 5 min. ,BULLA-CALDER OUT RAMP ON,0 to 5 min,40,0
Road maintenance,1 lane closed outbound,Pending,2018-04-30T21:00:00,2018-12-31T04:00:00,Full week including weekends - Sunday to Saturday daily works from 07:00 AM to 03:00 PM. Roadworks speed limit 40 km/h. Traffic delay 0 to 5 min. ,MORNINGTON PENINSULA FREEWAY ,0 to 5 min,40,1
Utility works, entry/exit ramp closed,Pending,2018-07-25T10:00:00,2018-08-30T19:00:00,other daily works from 08:00 PM to 05:00 AM. Roadworks speed limit 40 km/h. Traffic delay 6 to 10 min. ,KEILOR-CALDER OUT RAMP ON,6 to 10 min,40,0
Road construction,1 lane closed westbound,Pending,2018-08-01T10:00:00,2018-08-31T19:00:00,Full week including weekends - Sunday to Saturday daily works from 08:00 PM to 05:00 AM. Roadworks speed limit 40 km/h. Traffic delay 0 to 5 min. ,WEST GATE FREEWAY ,0 to 5 min,40,1
Road maintenance,1 lane closed inbound,Pending,2017-09-13T00:00:00,2018-08-30T06:00:00,Weekdays only - Monday to Friday daily works from 10:00 AM to 04:00 PM. Roadworks speed limit 60 km/h. Traffic delay 0 to 5 min. ,PRINCES FREEWAY ,0 to 5 min,60,1
Road maintenance,1 lane closed outbound,Pending,2017-09-12T22:00:00,2018-08-30T04:00:00,Weekdays only - Monday to Friday daily works from 08:00 AM to 02:00 PM. Roadworks speed limit 60 km/h. Traffic delay 0 to 5 min. ,PRINCES FREEWAY ,0 to 5 min,60,1
Road construction, road closed,Pending,2018-06-26T14:00:00,2019-06-30T02:00:00,Full week including weekends - Sunday to Saturday daily works from 12:00 AM to 12:00 PM. Roadworks speed limit nil. Traffic delay 0 to 5 min. ,RAILWAY AVENUE ,0 to 5 min,0,0
Utility works,3 lanes closed southbound,Pending,2017-05-01T12:00:00,2019-04-29T19:00:00,other daily works from 10:00 PM to 05:00 AM. Roadworks speed limit 40 km/h. Traffic delay greater than 10 min. ,WESTERN RING ROAD ,Greater than 10 min,40,3
Utility works,3 lanes closed southbound,Pending,2017-05-01T12:00:00,2019-04-29T19:00:00,other daily works from 10:00 PM to 05:00 AM. Roadworks speed limit 40 km/h. Traffic delay greater than 10 min. ,WESTERN RING ROAD ,Greater than 10 min,40,3
Utility works, road closed,Pending,2017-10-10T11:00:00,2018-12-30T18:00:00,Full week including weekends - Sunday to Saturday daily works from 10:00 PM to 05:00 AM. Roadworks speed limit 40 km/h. Traffic delay greater than 10 min. ,GEORGE STREET ,Greater than 10 min,40,0
Road construction,1 lane closed inbound,Pending,2017-04-18T14:00:00,2018-08-30T14:00:00,Full week including weekends - Sunday to Saturday daily works from 12:00 AM to 12:00 AM. Roadworks speed limit 40 km/h. Traffic delay 0 to 5 min. ,PRINCES FREEWAY ,0 to 5 min,40,1
Road maintenance, road closed,Pending,2018-05-14T21:00:00,2018-08-30T07:00:00,Full week including weekends - Sunday to Saturday daily works from 07:00 AM to 05:00 PM. Roadworks speed limit 60 km/h. Traffic delay 0 to 5 min. ,SIMS STREET ,0 to 5 min,60,1
Road construction, expect delays,Pending,2017-11-23T22:00:00,2018-10-28T04:00:00,Full week including weekends - Sunday to Saturday daily works from 09:00 AM to 03:00 PM. Roadworks speed limit 40 km/h. Traffic delay greater than 10 min. ,MILLEARA ROAD ,Greater than 10 min,40,0
Road construction,1 lane closed westbound,Pending,2018-08-22T10:00:00,2018-10-30T18:00:00,other daily works from 08:00 PM to 05:00 AM. Roadworks speed limit 40 km/h. Traffic delay 0 to 5 min. ,WEST GATE FREEWAY ,0 to 5 min,40,1
Road construction,1 lane closed eastbound,Active,2018-08-22T10:00:00,2018-10-30T18:00:00,other daily works from 08:00 PM to 05:00 AM. Roadworks speed limit 40 km/h. Traffic delay 0 to 5 min. ,WEST GATE FREEWAY ,0 to 5 min,40,1
Road construction,1 lane closed eastbound,Pending,2018-08-15T10:00:00,2018-10-12T18:00:00,Full week including weekends - Sunday to Saturday daily works from 08:00 PM to 05:00 AM. Roadworks speed limit 40 km/h. Traffic delay 0 to 5 min. ,PRINCES FREEWAY ,0 to 5 min,40,1
Road construction,1 lane closed greensborough bound,Active,2017-06-26T10:30:00,2018-09-11T20:00:00,One lane will be closed Greensborough-bound on the M80 Ring Road on Thursday night 9.30pm-5.30am near Sunshine Avenue. Please plan ahead and allow extra time. ,WESTERN RING ROAD ,0 to 5 min,40,1
Road maintenance,1 lane closed southbound,Pending,2018-07-19T23:30:00,2018-12-30T04:00:00,Full week including weekends - Sunday to Saturday daily works from 09:30 AM to 03:00 PM. Roadworks speed limit 40 km/h. Traffic delay 0 to 5 min. ,FRANKSTON FREEWAY ,0 to 5 min,40,1
Road maintenance,1 lane closed eastbound,Pending,2017-11-28T20:00:00,2018-11-26T02:00:00,other daily works from 07:00 AM to 01:00 PM. Roadworks speed limit 40 km/h. Traffic delay greater than 10 min. ,BELL STREET ,Greater than 10 min,40,1
Road maintenance,1 lane closed westbound,Pending,2017-11-28T20:00:00,2018-11-26T02:00:00,other daily works from 07:00 AM to 01:00 PM. Roadworks speed limit 40 km/h. Traffic delay greater than 10 min. ,BELL STREET ,Greater than 10 min,40,1
Road maintenance, road closed,Pending,2018-08-10T10:00:00,2018-09-13T20:00:00,other continuous works 24 hours a day. Roadworks speed limit 40 km/h. Traffic delay 0 to 5 min. ,BALLARAT ROAD ,0 to 5 min,40,0
Road construction, entry/exit ramp closed,Pending,2018-08-15T10:00:00,2018-08-30T19:00:00,other daily works from 08:00 PM to 05:00 AM. Roadworks speed limit 60 km/h. Traffic delay 6 to 10 min. ,WESTERN RING IN-TULLAMARINE OUT RAMP ,6 to 10 min,60,0
Road construction,1 lane closed greensborough bound,Pending,2018-06-30T09:00:00,2018-09-02T19:00:00,Full week including weekends - Sunday to Saturday daily works from 07:00 PM to 05:00 AM. Roadworks speed limit 40 km/h. Traffic delay 0 to 5 min. ,PRINCES IN-WESTERN RING OUT RAMP ,0 to 5 min,40,1
Road maintenance,all lanes closed westbound,Pending,2018-07-30T10:00:00,2018-09-18T20:00:00,Full week including weekends - Sunday to Saturday daily works from 08:00 PM to 06:00 AM. Roadworks speed limit 40 km/h. Traffic delay 6 to 10 min. ,BALLARAT ROAD ,6 to 10 min,40,0
Road maintenance,all lanes closed westbound,Pending,2018-07-30T10:00:00,2018-09-18T20:00:00,Full week including weekends - Sunday to Saturday daily works from 08:00 PM to 06:00 AM. Roadworks speed limit 60 km/h. Traffic delay 6 to 10 min. ,BALLARAT ROAD ,6 to 10 min,60,0
Road maintenance,all lanes closed eastbound,Pending,2018-07-30T10:00:00,2018-09-18T20:00:00,Full week including weekends - Sunday to Saturday daily works from 08:00 PM to 06:00 AM. Roadworks speed limit 40 km/h. Traffic delay 6 to 10 min. ,BALLARAT ROAD ,6 to 10 min,40,0
Sporting/social event, road closed,Pending,2018-03-01T13:00:00,2018-12-30T13:00:00,"Road closures in place before and after events at the sporting precinct which includes AAMI Park, Rod Laver Arena, Eastern Car Park and Hisense Arena. Traffic delay between 6 to 10 minutes. ",OLYMPIC BOULEVARD ,Greater than 10 min,40,1
Road construction, lanes closed eastbound,Pending,2018-06-28T12:00:00,2018-10-27T17:00:00,other daily works from 10:00 PM to 04:00 AM. Roadworks speed limit 40 km/h. Traffic delay 0 to 5 min. ,WEST GATE FREEWAY ,0 to 5 min,40,0
Road maintenance,2 lanes closed both directions,Pending,2018-06-30T14:00:00,2018-09-30T13:59:00,Full week including weekends - Sunday to Saturday daily works from 12:00 AM to 11:59 PM. Roadworks speed limit 40 km/h. Traffic delay 0 to 5 min. ,MONASH FREEWAY ,0 to 5 min,40,2
Road maintenance,1 lane closed outbound,Pending,2018-04-14T23:30:00,2019-04-15T05:30:00,Full week including weekends - Sunday to Saturday daily works from 09:30 AM to 03:30 PM. Roadworks speed limit 40 km/h. Traffic delay 0 to 5 min. ,MONASH FREEWAY ,0 to 5 min,40,1
Sporting/social event, road closed,Pending,2018-05-05T14:00:00,2018-12-30T13:00:00,Melbourne and Olympic Park Events. Event speed limit 40 km/h. Traffic delay greater than 10 min. ,OLYMPIC BOULEVARD ,Greater than 10 min,40,0
Road construction, lanes closed southbound,Pending,2018-03-21T22:30:00,2019-02-17T04:30:00,Full week including weekends - Sunday to Saturday daily works from 09:30 AM to 03:30 PM. Roadworks speed limit nil. Traffic delay nil. ,PRINCES FREEWAY ,Nil,0,0
Road maintenance,1 lane closed both directions,Pending,2018-03-19T19:00:00,2018-09-30T09:00:00,Full week including weekends - Sunday to Saturday daily works from 06:00 AM to 07:00 PM. Roadworks speed limit 40 km/h. Traffic delay 0 to 5 min. ,CALDER FREEWAY ,0 to 5 min,40,1
Road construction, lanes closed eastbound,Pending,2018-06-30T09:00:00,2018-10-27T17:00:00,"Daily works from 07:00 PM to 04:00 AM. Starting with a single lane closure, followed by a double and then triple lane closure later in the night.   Roadworks speed limit 40 km/h. Traffic delay 0 to 5 min. ",WEST GATE FREEWAY ,0 to 5 min,40,0
Road construction, road closed,Active,2018-03-04T20:00:00,2019-04-17T21:00:00,Full week including weekends - Sunday to Saturday continuous works 24 hours a day. Roadworks speed limit nil. Traffic delay nil. ,HOWELL ROAD ,Nil,0,2
Road maintenance,2 lanes closed both directions,Pending,2018-06-30T14:00:00,2018-09-30T13:59:00,Full week including weekends - Sunday to Saturday daily works from 12:00 AM to 11:59 PM. Roadworks speed limit 40 km/h. Traffic delay 0 to 5 min. ,WEST GATE FREEWAY ,0 to 5 min,40,2
Road maintenance,2 lanes closed eastbound,Pending,2018-03-24T09:00:00,2019-03-23T18:00:00,Full week including weekends - Sunday to Saturday daily works from 08:00 PM to 05:00 AM. Roadworks speed limit 40 km/h. Traffic delay 0 to 5 min. ,BURNLEY TUNNEL ,0 to 5 min,40,2
Road maintenance,2 lanes closed both directions,Pending,2018-06-30T14:00:00,2018-09-30T13:59:00,Full week including weekends - Sunday to Saturday daily works from 12:00 AM to 11:59 PM. Roadworks speed limit 40 km/h. Traffic delay 0 to 5 min. ,WESTERN RING ROAD ,0 to 5 min,40,2
Road construction,1 lane closed southbound,Pending,2018-05-27T21:00:00,2018-10-31T06:30:00,Monday to Saturday continuous works 24 hours a day. Roadworks speed limit 40 km/h. Traffic delay 6 to 10 min. ,MAFFRA-ROSEDALE ROAD ,6 to 10 min,40,1
Road construction, road closed,Pending,2018-08-17T12:30:00,2018-08-25T18:30:00,Full week including weekends - Sunday to Saturday daily works from 10:30 PM to 04:30 AM. Roadworks speed limit 40 km/h. Traffic delay 6 to 10 min. ,TULLAMARINE FREEWAY ,6 to 10 min,40,0
Road construction,1 lane closed eastbound,Pending,2018-02-12T13:00:00,2018-09-22T14:00:00,Full week including weekends - Sunday to Saturday continuous works 24 hours a day. Roadworks speed limit 80 km/h. Traffic delay 0 to 5 min. ,PRINCES FREEWAY ,0 to 5 min,80,1
Road construction, road closed,Active,2018-08-23T12:00:00,2018-08-23T19:00:00,other daily works from 10:00 PM to 05:00 AM. Roadworks speed limit 40 km/h. Traffic delay greater than 10 min. ,TULLAMARINE FREEWAY ,Greater than 10 min,40,0
Road construction, entry/exit ramp closed,Pending,2018-08-23T10:00:00,2018-08-23T19:00:00,other daily works from 08:00 PM to 05:00 AM. Roadworks speed limit 60 km/h. Traffic delay 6 to 10 min. ,WESTERN RING IN-TULLAMARINE IN RAMP ,6 to 10 min,60,0
Road construction,1 lane closed both directions,Active,2018-06-07T20:00:00,2018-08-28T07:00:00,Full week including weekends - Sunday to Saturday daily works from 06:00 AM to 05:00 PM. Roadworks speed limit 40 km/h. Traffic delay 6 to 10 min. ,PAYNESVILLE ROAD ,6 to 10 min,40,1
Road construction,1 lane closed both directions,Active,2018-06-07T20:00:00,2018-08-28T07:00:00,Full week including weekends - Sunday to Saturday daily works from 06:00 AM to 05:00 PM. Roadworks speed limit 40 km/h. Traffic delay 6 to 10 min. ,PAYNESVILLE ROAD ,6 to 10 min,40,1
Road construction, entry/exit ramp closed,Active,2018-07-06T10:00:00,2018-08-30T19:00:00,other daily works from 08:00 PM to 05:00 AM. Roadworks speed limit 40 km/h. Traffic delay 0 to 5 min. ,ENGLISH-TULLAMARINE IN RAMP ON,0 to 5 min,40,1
Road construction, road closed,Pending,2018-07-20T12:30:00,2018-08-30T19:00:00,Full week including weekends - Sunday to Saturday daily works from 10:30 PM to 05:00 AM. Roadworks speed limit 40 km/h. Traffic delay 0 to 5 min. ,MELBOURNE DRIVE ,0 to 5 min,40,0
Road construction,1 lane closed outbound,Pending,2018-07-03T10:00:00,2018-09-29T19:30:00,Full week including weekends - Sunday to Saturday daily works from 08:00 PM to 05:30 AM. Roadworks speed limit 40 km/h. Traffic delay 0 to 5 min. ,SUNBURY ROAD ,0 to 5 min,40,1
Road construction,1 lane closed both directions,Pending,2018-08-01T21:00:00,2018-11-30T06:00:00,Weekdays only - Monday to Friday continuous works 24 hours a day. Roadworks speed limit 40 km/h. Traffic delay 0 to 5 min. ,WESTERN FREEWAY ,0 to 5 min,40,1
Road maintenance, road closed,Pending,2018-08-17T21:00:00,2018-08-26T07:00:00,Asphalting works on Queensberry St. Both directions are closed beween Peel St and Elizabeth St from 7AM to 5PM on 25th and 26th of August. Traffic is advised to use Victoria St.,QUEENSBERRY STREET ,6 to 10 min,40,1
Road construction,3 lanes closed outbound,Pending,2018-06-03T09:00:00,2018-08-30T20:30:00,Full week including weekends - Sunday to Saturday daily works from 07:00 PM to 06:30 AM. Roadworks speed limit 40 km/h. Traffic delay 0 to 5 min. ,MONASH FREEWAY ,0 to 5 min,40,3
Road maintenance,1 lane closed inbound,Pending,2018-07-31T23:30:00,2018-09-28T05:30:00,Weekdays only - Monday to Friday daily works from 09:30 AM to 03:30 PM. Roadworks speed limit 40 km/h. Traffic delay 0 to 5 min. ,PRINCES FREEWAY ,0 to 5 min,40,1
Road construction,3 lanes closed inbound,Pending,2018-06-03T08:30:00,2018-08-30T19:00:00,Full week including weekends - Sunday to Saturday daily works from 06:30 PM to 05:00 AM. Roadworks speed limit 40 km/h. Traffic delay 0 to 5 min. ,MONASH FREEWAY ,0 to 5 min,40,3
Road construction,4 lanes closed inbound,Pending,2018-06-03T10:00:00,2018-08-30T18:30:00,Full week including weekends - Sunday to Saturday daily works from 08:00 PM to 04:30 AM. Roadworks speed limit 40 km/h. Traffic delay 0 to 5 min. ,MONASH FREEWAY ,0 to 5 min,40,4
Road construction, lanes closed outbound,Pending,2018-06-03T10:00:00,2018-08-30T19:30:00,Full week including weekends - Sunday to Saturday daily works from 08:00 PM to 05:30 AM. Roadworks speed limit 40 km/h. Traffic delay 0 to 5 min. ,MONASH FREEWAY ,0 to 5 min,40,0
Road maintenance,2 lanes closed both directions,Pending,2018-06-30T14:00:00,2018-09-30T13:59:00,Full week including weekends - Sunday to Saturday daily works from 12:00 AM to 11:59 PM. Roadworks speed limit 40 km/h. Traffic delay 0 to 5 min. ,MONASH OUT-SOUTH GIPPSLAND OUT RAMP OF,0 to 5 min,40,2
Road maintenance,2 lanes closed both directions,Pending,2018-06-30T14:00:00,2018-09-30T13:59:00,Full week including weekends - Sunday to Saturday daily works from 12:00 AM to 11:59 PM. Roadworks speed limit 40 km/h. Traffic delay 0 to 5 min. ,METROPOLITAN RING ROAD ,0 to 5 min,40,2
Road construction,3 lanes closed inbound,Pending,2018-07-04T08:30:00,2018-10-30T19:30:00,Full week including weekends - Sunday to Saturday daily works from 06:30 PM to 06:30 AM. Roadworks speed limit 40 km/h. Traffic delay 0 to 5 min. ,TULLAMARINE FREEWAY ,0 to 5 min,40,3
Road construction, road closed,Active,2018-05-24T21:00:00,2019-04-17T21:00:00,Full week including weekends - Sunday to Saturday continuous works 24 hours a day. Roadworks speed limit 60 km/h. Traffic delay nil. ,SUTHERLAND ROAD ,Nil,60,0
Road maintenance,2 lanes closed both directions,Pending,2018-06-30T14:00:00,2018-09-30T13:59:00,Full week including weekends - Sunday to Saturday daily works from 12:00 AM to 11:59 PM. Roadworks speed limit 40 km/h. Traffic delay 0 to 5 min. ,MONASH OUT-SOUTH GIPPSLAND OUT RAMP OF,0 to 5 min,40,2
Road maintenance,2 lanes closed both directions,Pending,2018-06-30T14:00:00,2018-09-30T13:59:00,Full week including weekends - Sunday to Saturday daily works from 12:00 AM to 11:59 PM. Roadworks speed limit 40 km/h. Traffic delay 0 to 5 min. ,MONASH FREEWAY ,0 to 5 min,40,2
Road construction, road closed,Pending,2018-07-13T10:00:00,2018-08-30T19:00:00,other daily works from 08:00 PM to 05:00 AM. Roadworks speed limit 40 km/h. Traffic delay 0 to 5 min. ,TULLAMARINE IN-WESTERN RING OUT RAMP ,0 to 5 min,40,0
Road maintenance,2 lanes closed both directions,Pending,2018-06-30T14:00:00,2018-09-30T13:59:00,Full week including weekends - Sunday to Saturday daily works from 12:00 AM to 11:59 PM. Roadworks speed limit 40 km/h. Traffic delay 0 to 5 min. ,WESTERN RING ROAD ,0 to 5 min,40,2
Road maintenance,2 lanes closed both directions,Pending,2018-06-30T14:00:00,2018-09-30T13:59:00,Full week including weekends - Sunday to Saturday daily works from 12:00 AM to 11:59 PM. Roadworks speed limit 40 km/h. Traffic delay 0 to 5 min. ,WESTERN FREEWAY ,0 to 5 min,40,2
Road maintenance,1 lane closed outbound,Pending,2018-07-24T23:30:00,2018-08-31T05:30:00,Weekdays only - Monday to Friday continuous works 24 hours a day. Roadworks speed limit 40 km/h. Traffic delay 0 to 5 min. ,PRINCES FREEWAY ,0 to 5 min,40,1
Road construction, road closed,Pending,2018-06-02T14:00:00,2022-12-30T13:00:00,Full week including weekends - Sunday to Saturday continuous works 24 hours a day. Roadworks speed limit nil. Traffic delay nil. ,FOOTSCRAY ROAD ,Nil,0,0
Road maintenance, road closed,Pending,2018-07-12T14:00:00,2018-09-30T14:00:00,Weekdays only - Monday to Friday daily works from 12:00 AM to 12:00 AM. Roadworks speed limit 40 km/h. Traffic delay 6 to 10 min. ,FITZROY STREET ,6 to 10 min,40,0
Road maintenance,1 lane closed inbound,Pending,2018-08-07T23:30:00,2018-09-30T07:00:00,Monday to Saturday daily works from 09:30 AM to 05:00 PM. Roadworks speed limit 40 km/h. Traffic delay 0 to 5 min. ,JETTY ROAD ,0 to 5 min,40,1
Road maintenance,2 lanes closed both directions,Pending,2018-06-30T14:00:00,2018-09-30T13:59:00,Full week including weekends - Sunday to Saturday daily works from 12:00 AM to 11:59 PM. Roadworks speed limit 40 km/h. Traffic delay 0 to 5 min. ,WEST GATE FREEWAY ,0 to 5 min,40,2
Road maintenance, expect delays,Pending,2018-07-11T06:23:00,2018-12-21T07:00:00,Full week including weekends - Sunday to Saturday continuous works 24 hours a day. Roadworks speed limit 40 km/h. Traffic delay 6 to 10 min. ,MAIN ROAD ,6 to 10 min,40,0
Road construction,1 lane closed both directions,Pending,2018-07-09T20:00:00,2018-09-30T08:00:00,Full week including weekends - Sunday to Saturday daily works from 06:00 AM to 06:00 PM. Roadworks speed limit 40 km/h. Traffic delay 0 to 5 min. ,WESTERN FREEWAY ,0 to 5 min,40,1
Road maintenance,2 lanes closed both directions,Pending,2018-06-30T14:00:00,2018-09-30T13:59:00,Full week including weekends - Sunday to Saturday daily works from 12:00 AM to 11:59 PM. Roadworks speed limit 40 km/h. Traffic delay 0 to 5 min. ,MONASH FREEWAY ,0 to 5 min,40,2
Road maintenance,2 lanes closed both directions,Pending,2018-05-31T14:00:00,2018-09-30T13:59:00,Full week including weekends - Sunday to Saturday daily works from 12:00 AM to 11:59 PM. Roadworks speed limit 40 km/h. Traffic delay 0 to 5 min. ,MONASH FREEWAY ,0 to 5 min,40,2
Road construction,2 lanes closed inbound,Pending,2018-07-11T10:30:00,2018-08-30T19:00:00,Full week including weekends - Sunday to Saturday daily works from 08:30 PM to 05:00 AM. Roadworks speed limit 40 km/h. Traffic delay 0 to 5 min. ,WESTERN RING IN-TULLAMARINE OUT RAMP ,0 to 5 min,40,2
Road construction,1 lane closed northbound,Pending,2018-05-06T20:30:00,2018-08-31T08:00:00,Monday to Saturday daily works from 06:30 AM to 06:00 PM. Roadworks speed limit 60 km/h. Traffic delay 0 to 5 min. ,CALDER FREEWAY ,0 to 5 min,60,1
Road maintenance, lanes closed westbound,Pending,2018-04-09T23:30:00,2018-10-10T05:00:00,Weekdays only - Monday to Friday daily works from 09:30 AM to 04:00 PM. Roadworks speed limit 40 km/h. Traffic delay nil. ,FRANKSTON FREEWAY ,Nil,40,0
Road maintenance,1 lane closed inbound,Pending,2018-04-14T23:30:00,2019-04-15T05:30:00,Full week including weekends - Sunday to Saturday daily works from 09:30 AM to 03:30 PM. Roadworks speed limit 40 km/h. Traffic delay 0 to 5 min. ,MONASH FREEWAY ,0 to 5 min,40,1
Road maintenance,1 lane closed both directions,Pending,2018-07-25T23:30:00,2018-08-30T05:30:00,Weekdays only - Monday to Friday daily works from 09:30 AM to 03:30 PM. Roadworks speed limit 40 km/h. Traffic delay 0 to 5 min. ,MONASH OUT-SOUTH GIPPSLAND OUT RAMP OF,0 to 5 min,40,1
Road maintenance,1 lane closed outbound,Pending,2018-07-31T23:30:00,2018-09-28T05:30:00,Weekdays only - Monday to Friday daily works from 09:30 AM to 03:30 PM. Roadworks speed limit 40 km/h. Traffic delay 0 to 5 min. ,PRINCES FREEWAY ,0 to 5 min,40,1
Road maintenance,1 lane closed inbound,Pending,2018-07-31T23:30:00,2018-09-28T05:30:00,Weekdays only - Monday to Friday daily works from 09:30 AM to 03:30 PM. Roadworks speed limit 40 km/h. Traffic delay 0 to 5 min. ,PRINCES FREEWAY ,0 to 5 min,40,1
Road construction, expect delays,Active,2018-06-29T14:00:00,2019-02-10T13:00:00,Full week including weekends - Sunday to Saturday continuous works 24 hours a day. Roadworks speed limit 60 km/h. Traffic delay 6 to 10 min. ,WESTERN RING IN-PRINCES OUT RAMP ,6 to 10 min,60,0
Road construction,3 lanes closed inbound,Pending,2018-04-30T08:30:00,2018-09-14T23:00:00,Full week including weekends - Sunday to Saturday daily works from 06:30 PM to 09:00 AM. Roadworks speed limit 40 km/h. Traffic delay 0 to 5 min. ,TULLAMARINE FREEWAY ,0 to 5 min,40,3
Road maintenance,1 lane closed both directions,Pending,2018-07-27T21:00:00,2018-08-31T05:30:00,Weekend only - Saturday and Sunday daily works from 07:00 AM to 03:30 PM. Roadworks speed limit 40 km/h. Traffic delay 0 to 5 min. ,MONASH FREEWAY ,0 to 5 min,40,1
Road maintenance,1 lane closed outbound,Pending,2018-08-07T21:00:00,2018-09-30T05:30:00,Full week including weekends - Sunday to Saturday daily works from 07:00 AM to 03:30 PM. Roadworks speed limit 40 km/h. Traffic delay 0 to 5 min. ,MORNINGTON PENINSULA FREEWAY ,0 to 5 min,40,1
Road maintenance,1 lane closed outbound,Pending,2018-07-31T23:30:00,2018-09-28T05:30:00,Weekdays only - Monday to Friday daily works from 09:30 AM to 03:30 PM. Roadworks speed limit 40 km/h. Traffic delay 0 to 5 min. ,MORNINGTON PENINSULA FREEWAY ,0 to 5 min,40,1
Road maintenance, lanes closed southbound,Pending,2018-03-14T20:30:00,2018-12-20T06:30:00,Full week including weekends - Sunday to Saturday daily works from 07:30 AM to 05:30 PM. Roadworks speed limit nil. Traffic delay nil. ,PRINCES FREEWAY ,Nil,0,0
Road construction, road closed,Pending,2018-07-11T12:00:00,2018-09-29T19:00:00,Weekdays only - Monday to Friday daily works from 10:00 PM to 05:00 AM. Roadworks speed limit 40 km/h. Traffic delay 0 to 5 min. ,PLENTY ROAD ,0 to 5 min,40,0
Road maintenance,1 lane closed outbound,Active,2018-06-11T20:30:00,2018-09-03T07:30:00,Weekdays only - Monday to Friday daily works from 06:30 AM to 05:30 PM. Roadworks speed limit 60 km/h. Traffic delay 0 to 5 min. ,CALDER FREEWAY ,0 to 5 min,60,1
Road maintenance,1 lane closed both directions,Pending,2018-07-16T21:00:00,2018-09-30T07:30:00,Full week including weekends - Sunday to Saturday continuous works 24 hours a day. Roadworks speed limit 40 km/h. Traffic delay 0 to 5 min. ,WESTERN FREEWAY ,0 to 5 min,40,1
Road maintenance,1 lane closed both directions,Pending,2018-06-11T20:00:00,2018-09-30T08:00:00,Full week including weekends - Sunday to Saturday daily works from 06:00 AM to 06:00 PM. Roadworks speed limit 60 km/h. Traffic delay 0 to 5 min. ,WESTERN FREEWAY ,0 to 5 min,60,1
Road construction,2 lanes closed outbound,Active,2017-04-30T10:00:00,2018-09-14T20:30:00,Full week including weekends - Sunday to Saturday daily works from 08:00 PM to 06:30 AM. Roadworks speed limit 40 km/h. Traffic delay 0 to 5 min. ,TULLAMARINE FREEWAY ,0 to 5 min,40,2
Road maintenance,1 lane closed both directions,Pending,2018-08-09T23:00:00,2018-09-30T05:00:00,Weekdays only - Monday to Friday daily works from 09:00 AM to 03:00 PM. Roadworks speed limit 40 km/h. Traffic delay 6 to 10 min. ,KOO WEE RUP ROAD ,6 to 10 min,40,1
Road maintenance,2 lanes closed westbound,Pending,2018-08-20T11:00:00,2018-08-23T18:30:00,Weekdays only - Monday to Friday daily works from 09:00 PM to 04:30 AM. Roadworks speed limit 40 km/h. Traffic delay 0 to 5 min. ,PRINCES FREEWAY ,0 to 5 min,40,2
Utility works, road closed,Pending,2018-08-18T23:00:00,2018-11-29T22:00:00,Full week including weekends - Sunday to Saturday daily works from 09:00 AM to 09:00 AM. Roadworks speed limit 40 km/h. Traffic delay 0 to 5 min. ,HOLDEN STREET ,0 to 5 min,40,0
Road construction,1 lane closed inbound,Active,2018-08-19T11:00:00,2018-11-18T19:00:00,other daily works from 09:00 PM to 06:00 AM. Roadworks speed limit 40 km/h. Traffic delay 0 to 5 min. ,PRINCES FREEWAY ,0 to 5 min,40,1
Road maintenance,1 lane closed both directions,Pending,2018-07-19T20:00:00,2018-11-14T07:00:00,Monday to Saturday daily works from 06:00 AM to 06:00 PM. Roadworks speed limit 40 km/h. Traffic delay 0 to 5 min. ,CALDER FREEWAY ,0 to 5 min,40,1
Utility works,2 lanes closed both directions,Pending,2018-05-04T14:00:00,2019-08-31T14:00:00,"Melbourne Water sewer upgrade works are underway along Beach Rd. Works will be undertaken at various locations with one lane closed in each direction. These works will continue 24/7 until the start of September. Delays of up to 10 mins are expected, please allow extra time. ",ESPLANADE  ,6 to 10 min,40,2
Road construction, expect delays,Active,2018-06-29T14:00:00,2019-02-10T13:00:00,Full week including weekends - Sunday to Saturday continuous works 24 hours a day. Roadworks speed limit 60 km/h. Traffic delay 6 to 10 min. ,PRINCES IN-WESTERN RING OUT RAMP ,6 to 10 min,60,0
Road maintenance, expect delays,Pending,2018-08-02T21:30:00,2018-08-30T07:30:00,Full week including weekends - Sunday to Saturday daily works from 07:30 AM to 05:30 PM. Roadworks speed limit 40 km/h. Traffic delay 6 to 10 min. ,CRAIGIEBURN ROAD ,6 to 10 min,40,0
Road maintenance,1 lane closed outbound,Pending,2018-07-29T23:30:00,2018-09-28T05:30:00,Weekdays only - Monday to Friday continuous works 24 hours a day. Roadworks speed limit 40 km/h. Traffic delay 0 to 5 min. ,PRINCES FREEWAY ,0 to 5 min,40,1
Road maintenance,1 lane closed outbound,Pending,2018-06-30T20:00:00,2018-09-30T08:00:00,Monday to Saturday daily works from 06:00 AM to 06:00 PM. Roadworks speed limit 40 km/h. Traffic delay 0 to 5 min. ,CALDER FREEWAY ,0 to 5 min,40,1
Road maintenance,1 lane closed eastbound,Pending,2018-08-02T23:30:00,2018-08-30T03:00:00,Full week including weekends - Sunday to Saturday daily works from 09:30 AM to 01:00 PM. Roadworks speed limit 60 km/h. Traffic delay 0 to 5 min. ,MONASH FREEWAY ,0 to 5 min,60,1
Road maintenance,2 lanes closed eastbound,Pending,2018-08-20T11:00:00,2018-08-23T18:30:00,Weekdays only - Monday to Friday daily works from 09:00 PM to 04:30 AM. Roadworks speed limit 40 km/h. Traffic delay 0 to 5 min. ,PRINCES FREEWAY ,0 to 5 min,40,2
Road construction, road closed,Pending,2018-03-12T20:00:00,2018-09-30T07:00:00,Monday to Saturday daily works from 07:00 AM to 05:00 PM. Roadworks speed limit 40 km/h. Traffic delay 0 to 5 min. ,SOUTH GIPPSLAND HIGHWAY ,0 to 5 min,40,0
Road maintenance,1 lane closed westbound,Pending,2018-08-02T23:30:00,2018-08-31T04:30:00,Weekdays only - Monday to Friday daily works from 09:30 AM to 02:30 PM. Roadworks speed limit 80 km/h. Traffic delay 0 to 5 min. ,PRINCES FREEWAY ,0 to 5 min,80,1
Road construction,1 lane closed eastbound,Pending,2018-08-24T11:00:00,2018-08-24T14:00:00,Full week including weekends - Sunday to Saturday daily works from 09:00 PM to 12:00 AM. Roadworks speed limit 40 km/h. Traffic delay 0 to 5 min. ,PRINCES FREEWAY ,0 to 5 min,40,1
Road maintenance, road closed,Pending,2018-07-24T10:30:00,2018-09-29T19:00:00,other daily works from 08:30 PM to 05:00 AM. Roadworks speed limit 40 km/h. Traffic delay 0 to 5 min. ,PRINCES HIGHWAY ,0 to 5 min,40,3
Road maintenance,1 lane closed northbound,Pending,2018-07-05T20:00:00,2018-10-30T07:00:00,Monday to Saturday daily works from 06:00 AM to 06:00 PM. Roadworks speed limit 60 km/h. Traffic delay 0 to 5 min. ,HUME FREEWAY ,0 to 5 min,60,1
Utility works,all lanes closed eastbound,Pending,2018-07-18T11:00:00,2018-10-30T19:00:00,Full week including weekends - Sunday to Saturday daily works from 09:00 PM to 06:00 AM. Roadworks speed limit 40 km/h. Traffic delay 0 to 5 min. ,HIGH STREET ,0 to 5 min,40,0
Road maintenance,1 lane closed both directions,Pending,2018-04-30T20:30:00,2018-08-31T07:00:00,Full week including weekends - Sunday to Saturday daily works from 06:30 AM to 05:00 PM. Roadworks speed limit 40 km/h. Traffic delay 0 to 5 min. ,WESTERN FREEWAY ,0 to 5 min,40,1
Road construction, expect delays,Pending,2018-06-24T20:30:00,2018-12-31T07:30:00,Monday to Saturday daily works from 06:30 AM to 06:30 PM. Roadworks speed limit 40 km/h. Traffic delay 6 to 10 min. ,PRINCES HIGHWAY ,6 to 10 min,40,0
Road construction,3 lanes closed outbound,Active,2018-08-15T08:30:00,2018-09-14T20:00:00,Full week including weekends - Sunday to Saturday daily works from 06:30 PM to 06:00 AM. Roadworks speed limit 40 km/h. Traffic delay nil. ,CITYLINK  ,Nil,40,3
Road construction,3 lanes closed outbound,Pending,2018-06-30T09:00:00,2018-09-02T19:00:00,Full week including weekends - Sunday to Saturday daily works from 07:00 PM to 05:00 AM. Roadworks speed limit 40 km/h. Traffic delay 0 to 5 min. ,PRINCES FREEWAY ,0 to 5 min,40,3
Road construction, entry/exit ramp closed,Pending,2018-06-03T10:00:00,2018-08-30T19:00:00,Full week including weekends - Sunday to Saturday daily works from 08:00 PM to 05:00 AM. Roadworks speed limit 40 km/h. Traffic delay 0 to 5 min. ,ENGLISH-TULLAMARINE OUT RAMP ON,0 to 5 min,40,0
Road maintenance,1 lane closed both directions,Pending,2017-12-31T20:00:00,2018-10-31T06:00:00,Full week including weekends - Sunday to Saturday daily works from 07:00 AM to 05:00 PM. Roadworks speed limit 40 km/h. Traffic delay 0 to 5 min. ,WESTERN FREEWAY ,0 to 5 min,40,1
Road construction, road closed,Pending,2018-01-31T20:00:00,2018-09-30T07:00:00,Weekdays only - Monday to Friday continuous works 24 hours a day. Roadworks speed limit 40 km/h. Traffic delay 0 to 5 min. ,TYERS STREET ,0 to 5 min,40,1
Road maintenance,1 lane closed westbound,Pending,2018-08-20T11:00:00,2018-08-23T19:30:00,Weekdays only - Monday to Friday daily works from 09:00 PM to 05:30 AM. Roadworks speed limit 40 km/h. Traffic delay 0 to 5 min. ,PRINCES FREEWAY ,0 to 5 min,40,1
Road maintenance, road closed,Pending,2018-08-13T10:00:00,2018-12-29T18:00:00,Full week including weekends - Sunday to Saturday daily works from 08:00 PM to 05:00 AM. Roadworks speed limit 40 km/h. Traffic delay 0 to 5 min. ,HIGH STREET ,0 to 5 min,40,0
Road construction,1 lane closed southbound,Pending,2018-07-21T10:00:00,2018-08-31T06:00:00,Full week including weekends - Sunday to Saturday daily works from 08:00 PM to 04:00 PM. Roadworks speed limit 40 km/h. Traffic delay 0 to 5 min. ,MELROSE-TULLAMARINE IN RAMP ON,0 to 5 min,40,1
Road maintenance,1 lane closed northbound,Pending,2018-01-24T10:00:00,2021-12-30T18:00:00,Full week including weekends - Sunday to Saturday daily works from 09:00 PM to 05:00 AM. Roadworks speed limit 40 km/h. Traffic delay 0 to 5 min. ,WESTERN RING ROAD ,0 to 5 min,40,1
Road construction, road closed,Pending,2018-08-12T10:00:00,2018-09-29T19:30:00,Full week including weekends - Sunday to Saturday daily works from 08:00 PM to 05:30 AM. Roadworks speed limit 40 km/h. Traffic delay 0 to 5 min. ,CHILDS ROAD ,0 to 5 min,40,0
Road maintenance,3 lanes closed both directions,Pending,2018-08-08T10:00:00,2018-09-29T19:00:00,Full week including weekends - Sunday to Saturday daily works from 08:00 PM to 05:00 AM. Roadworks speed limit 40 km/h. Traffic delay greater than 10 min. ,WARRIGAL ROAD ,Greater than 10 min,40,3
Road maintenance,1 lane closed eastbound,Pending,2018-05-28T23:30:00,2018-08-30T06:00:00,Weekdays only - Monday to Friday daily works from 09:30 AM to 04:00 PM. Roadworks speed limit 40 km/h. Traffic delay 0 to 5 min. ,PRINCES FREEWAY ,0 to 5 min,40,1
Road construction,1 lane closed both directions,Pending,2018-08-06T21:00:00,2018-11-30T07:00:00,Monday to Saturday daily works from 07:00 AM to 06:00 PM. Roadworks speed limit 60 km/h. Traffic delay 0 to 5 min. ,WESTERN FREEWAY ,0 to 5 min,60,1
Road construction, road closed,Pending,2018-08-12T10:00:00,2018-09-29T19:30:00,Full week including weekends - Sunday to Saturday daily works from 08:00 PM to 05:30 AM. Roadworks speed limit 40 km/h. Traffic delay 0 to 5 min. ,GREVILLIA DRIVE ,0 to 5 min,40,0
Road construction, road closed,Pending,2018-08-12T10:00:00,2018-09-29T19:30:00,Full week including weekends - Sunday to Saturday daily works from 08:00 PM to 05:30 AM. Roadworks speed limit 40 km/h. Traffic delay 0 to 5 min. ,MAYFIELD DRIVE ,0 to 5 min,40,0
Road maintenance, expect delays,Pending,2018-05-06T20:00:00,2018-09-28T08:00:00,Weekdays only - Monday to Friday daily works from 06:00 AM to 06:00 PM. Roadworks speed limit 40 km/h. Traffic delay 6 to 10 min. ,THOMSON VALLEY ROAD ,6 to 10 min,40,1
Road maintenance,3 lanes closed both directions,Pending,2018-08-08T10:00:00,2018-09-29T19:00:00,Full week including weekends - Sunday to Saturday daily works from 08:00 PM to 05:00 AM. Roadworks speed limit 40 km/h. Traffic delay greater than 10 min. ,HIGHBURY ROAD ,Greater than 10 min,40,3
Road maintenance,3 lanes closed both directions,Pending,2018-08-08T10:00:00,2018-09-29T19:00:00,Full week including weekends - Sunday to Saturday daily works from 08:00 PM to 05:00 AM. Roadworks speed limit 40 km/h. Traffic delay greater than 10 min. ,RIVERSDALE ROAD ,Greater than 10 min,40,3
Road construction, road closed,Pending,2018-08-20T12:00:00,2018-08-23T19:00:00,Williamstown Rd southbound nightly full closure under West Gate Fwy 10PM to 5AM. Detour via West Gate Bridge. ,WILLIAMSTOWN ROAD ,0 to 5 min,40,0
Road construction, road closed,Pending,2018-08-20T12:00:00,2018-08-23T19:00:00,Williamstown Rd northbound nightly full closure under West Gate Fwy 10PM to 5AM. Detour via Millers Rd.,WILLIAMSTOWN ROAD ,0 to 5 min,40,0
Road construction, road closed,Pending,2018-08-12T10:00:00,2018-09-29T19:30:00,Full week including weekends - Sunday to Saturday daily works from 08:00 PM to 05:30 AM. Roadworks speed limit 40 km/h. Traffic delay 0 to 5 min. ,RIVERGUM DRIVE ,0 to 5 min,40,0
Utility works,2 lanes closed eastbound,Pending,2018-07-03T12:30:00,2018-09-29T18:00:00,Full week including weekends - Sunday to Saturday daily works from 10:30 PM to 04:00 AM. Roadworks speed limit 40 km/h. Traffic delay greater than 10 min. ,WESTERN RING ROAD ,Greater than 10 min,40,2
Utility works,2 lanes closed westbound,Pending,2018-07-03T13:30:00,2018-09-29T18:00:00,Full week including weekends - Sunday to Saturday daily works from 11:30 PM to 04:00 AM. Roadworks speed limit 40 km/h. Traffic delay greater than 10 min. ,WESTERN RING ROAD ,Greater than 10 min,40,2
Road maintenance,1 lane closed inbound,Pending,2018-08-20T10:00:00,2018-08-26T19:30:00,other daily works from 08:00 PM to 05:30 AM. Roadworks speed limit 40 km/h. Traffic delay 0 to 5 min. ,HUME FREEWAY ,0 to 5 min,40,1
Road maintenance,all lanes closed both directions,Active,2018-08-09T10:00:00,2018-09-13T20:00:00,Nightly lane closures from 08:00 PM to 06:00 AM. Roadworks speed limit 40 km/h. Traffic delay 0 to 5 min. ,BALLARAT ROAD ,0 to 5 min,40,0
Road maintenance, road closed,Pending,2018-08-09T10:00:00,2018-09-13T20:00:00,Nightly works between 8pm-6am. Roadworks speed limit 40 km/h. Traffic delay 0 to 5 min. ,BALLARAT ROAD ,0 to 5 min,40,0
Utility works,1 lane closed westbound,Pending,2018-07-03T12:30:00,2018-09-29T19:00:00,Full week including weekends - Sunday to Saturday daily works from 10:30 PM to 05:00 AM. Roadworks speed limit 40 km/h. Traffic delay greater than 10 min. ,WESTERN RING ROAD ,Greater than 10 min,40,1
Road construction, entry/exit ramp closed,Pending,2018-08-15T10:00:00,2018-08-30T19:00:00,other daily works from 08:00 PM to 05:00 AM. Roadworks speed limit 60 km/h. Traffic delay 0 to 5 min. ,WESTERN RING IN-TULLAMARINE OUT RAMP ,0 to 5 min,60,0
Road maintenance,1 lane closed northbound,Pending,2018-05-15T21:00:00,2018-10-31T06:00:00,Full week including weekends - Sunday to Saturday daily works from 07:00 AM to 05:00 PM. Roadworks speed limit 60 km/h. Traffic delay 0 to 5 min. ,CALDER FREEWAY ,0 to 5 min,60,1
Road maintenance,1 lane closed inbound,Pending,2018-08-22T23:00:00,2018-10-11T06:00:00,Monday to Saturday daily works from 09:00 AM to 05:00 PM. Roadworks speed limit 40 km/h. Traffic delay 0 to 5 min. ,MORNINGTON PENINSULA FREEWAY ,0 to 5 min,40,1
Road maintenance,1 lane closed both directions,Pending,2018-05-02T20:00:00,2018-08-30T08:00:00,Full week including weekends - Sunday to Saturday daily works from 06:00 AM to 06:00 PM. Roadworks speed limit 40 km/h. Traffic delay 0 to 5 min. ,CALDER FREEWAY ,0 to 5 min,40,1
Road construction,1 lane closed eastbound,Pending,2018-08-05T14:00:00,2019-02-10T13:00:00,other daily works from 12:00 AM to 12:00 AM. Roadworks speed limit 40 km/h. Traffic delay 0 to 5 min. ,WESTERN RING IN-PRINCES OUT RAMP ,0 to 5 min,40,1
Road maintenance,1 lane closed both directions,Pending,2018-08-14T21:00:00,2018-09-28T05:00:00,Monday to Saturday daily works from 07:00 AM to 03:00 PM. Roadworks speed limit 40 km/h. Traffic delay 0 to 5 min. ,MORNINGTON PENINSULA FREEWAY ,0 to 5 min,40,1
Road construction,2 lanes closed westbound,Pending,2018-08-18T21:00:00,2018-08-26T05:00:00,Crane works on Victoria Street from 7AM to 3PM on Sunday 26/08. 2 west bound lanes open for traffic to go through the site. Traffic delay is expected from 0 to 5 minutes.,VICTORIA STREET ,Nil,40,2
Utility works, road closed,Active,2018-08-20T09:00:00,2018-08-23T19:00:00,Weekdays only - Monday to Friday daily works from 07:00 PM to 05:00 AM. Roadworks speed limit nil. Traffic delay 0 to 5 min. ,BAILLIE STREET ,0 to 5 min,0,0
Road construction,1 lane closed westbound,Pending,2018-08-05T14:00:00,2019-02-10T13:00:00,other daily works from 12:00 AM to 12:00 AM. Roadworks speed limit 60 km/h. Traffic delay 0 to 5 min. ,PRINCES FREEWAY ,0 to 5 min,60,1
Road construction,1 lane closed eastbound,Pending,2018-08-05T14:00:00,2019-02-10T13:00:00,other daily works from 12:00 AM to 12:00 AM. Roadworks speed limit 60 km/h. Traffic delay 0 to 5 min. ,PRINCES FREEWAY ,0 to 5 min,60,1
Road construction, road closed,Active,2018-08-08T14:00:00,2018-09-29T14:00:00,Full Closure Buckley Street between Cliff street and Mount Alexander Rd  Friday 9 August from 07.00pm to Sunday 30 September 06.00am. Roadworks speed limit 40 km/h. Traffic delay 10 to 15 min ,BUCKLEY STREET ,6 to 10 min,40,0
Road construction, entry/exit ramp closed,Active,2018-07-29T10:00:00,2018-09-29T19:00:00,other daily works from 08:00 PM to 05:00 AM. Roadworks speed limit 40 km/h. Traffic delay 0 to 5 min. ,WESTERN RING IN-TULLAMARINE IN RAMP ,0 to 5 min,40,0
Road construction, road closed,Active,2018-03-05T13:00:00,2018-08-31T13:59:00,Full week including weekends - Sunday to Saturday continuous works 24 hours a day. Roadworks speed limit nil. Traffic delay greater than 10 min. ,WARREN STREET ,Greater than 10 min,0,0
Road construction,1 lane closed northbound,Pending,2018-08-06T09:00:00,2018-09-05T19:00:00,Full week including weekends - Sunday to Saturday daily works from 07:00 PM to 05:00 AM. Roadworks speed limit 40 km/h. Traffic delay 0 to 5 min. ,FRANKSTON FREEWAY ,0 to 5 min,40,1
Road construction,1 lane closed westbound,Pending,2018-08-19T10:00:00,2018-11-18T18:00:00,Full week including weekends - Sunday to Saturday daily works from 08:00 PM to 05:00 AM. Roadworks speed limit 40 km/h. Traffic delay 0 to 5 min. ,PRINCES OUT-FORSYTH RAMP OF,0 to 5 min,40,1
Road maintenance,1 lane closed inbound,Pending,2018-06-20T20:00:00,2018-08-30T08:00:00,Weekdays only - Monday to Friday daily works from 06:00 AM to 06:00 PM. Roadworks speed limit 40 km/h. Traffic delay 0 to 5 min. ,CALDER FREEWAY ,0 to 5 min,40,1
Road maintenance,2 lanes closed both directions,Pending,2018-06-30T14:00:00,2018-09-30T13:59:00,Full week including weekends - Sunday to Saturday daily works from 12:00 AM to 11:59 PM. Roadworks speed limit 40 km/h. Traffic delay 0 to 5 min. ,WEST GATE FREEWAY ,0 to 5 min,40,2
Road maintenance,1 lane closed southbound,Pending,2018-08-01T21:30:00,2018-10-01T06:30:00,other daily works from 07:30 AM to 04:30 PM. Roadworks speed limit 40 km/h. Traffic delay greater than 10 min. ,ROSANNA ROAD ,Greater than 10 min,40,1
Road construction,3 lanes closed altona bound,Pending,2018-07-11T10:30:00,2018-08-30T19:00:00,Full week including weekends - Sunday to Saturday daily works from 08:30 PM to 05:00 AM. Roadworks speed limit 40 km/h. Traffic delay 0 to 5 min. ,WESTERN RING ROAD ,0 to 5 min,40,3
Road construction,2 lanes closed eastbound,Pending,2018-07-03T10:00:00,2018-08-29T19:00:00,Full week including weekends - Sunday to Saturday daily works from 08:00 PM to 05:00 AM. Roadworks speed limit 40 km/h. Traffic delay 0 to 5 min. ,CALDER FREEWAY ,0 to 5 min,40,2
Road maintenance,3 lanes closed both directions,Pending,2018-08-08T10:00:00,2018-09-29T19:00:00,Full week including weekends - Sunday to Saturday daily works from 08:00 PM to 05:00 AM. Roadworks speed limit 40 km/h. Traffic delay greater than 10 min. ,MALVERN ROAD ,Greater than 10 min,40,3
Road maintenance,1 lane closed inbound,Pending,2018-07-29T23:30:00,2018-09-28T05:30:00,Weekdays only - Monday to Friday continuous works 24 hours a day. Roadworks speed limit 40 km/h. Traffic delay 0 to 5 min. ,PRINCES FREEWAY ,0 to 5 min,40,1
Road construction, road closed,Pending,2017-12-21T20:00:00,2018-08-29T07:30:00,"Two lanes closed in each direction on Strathfieldsaye Rd between Club Crt and Uxbridge St, for intersection upgrade works. Please plan ahead to avoid the area. Delays of around 5 minutes are expected.",STRATHFIELDSAYE ROAD ,0 to 5 min,40,2
Utility works,3 lanes closed northbound,Pending,2018-05-01T11:00:00,2019-04-29T19:00:00,Full week including weekends - Sunday to Saturday daily works from 09:00 PM to 05:00 AM. Roadworks speed limit 40 km/h. Traffic delay greater than 10 min. ,WESTERN RING ROAD ,Greater than 10 min,40,3
Utility works,3 lanes closed southbound,Pending,2018-05-01T11:00:00,2019-04-29T18:30:00,Full week including weekends - Sunday to Saturday daily works from 09:00 PM to 04:30 AM. Roadworks speed limit 40 km/h. Traffic delay greater than 10 min. ,WESTERN RING ROAD ,Greater than 10 min,40,3
Road construction, road closed,Pending,2018-06-28T11:00:00,2019-06-29T19:30:00,Full week including weekends - Sunday to Saturday daily works from 09:00 PM to 05:30 AM. Roadworks speed limit 40 km/h. Traffic delay 0 to 5 min. ,CARINISH ROAD ,0 to 5 min,40,0
Utility works,2 lanes closed northbound,Pending,2018-05-08T11:00:00,2019-04-29T19:00:00,other daily works from 09:00 PM to 05:00 AM. Roadworks speed limit 40 km/h. Traffic delay greater than 10 min. ,WESTERN RING ROAD ,Greater than 10 min,40,2
Utility works,1 lane closed eastbound,Pending,2018-07-03T11:30:00,2018-09-29T19:00:00,Full week including weekends - Sunday to Saturday daily works from 09:30 PM to 05:00 AM. Roadworks speed limit 40 km/h. Traffic delay greater than 10 min. ,AIRPORT-WESTERN RING OUT RAMP ON,Greater than 10 min,40,1
Road construction,1 lane closed northbound,Pending,2018-08-01T14:00:00,2018-09-01T14:00:00,Full week including weekends - Sunday to Saturday continuous works 24 hours a day. Roadworks speed limit 80 km/h. Traffic delay 0 to 5 min. ,FRANKSTON FREEWAY ,0 to 5 min,80,1
Road construction, expect delays,Pending,2018-06-21T14:00:00,2018-10-30T13:00:00,North Yarra Main Sewer works at Whitehall St/Youell St for West Gate Tunnel Project from late June 2018 to June 2019.,WHITEHALL STREET ,0 to 5 min,40,2
Road construction, expect delays,Pending,2018-07-30T20:30:00,2018-10-31T06:30:00,Full week including weekends - Sunday to Saturday continuous works 24 hours a day. Roadworks speed limit 40 km/h. Traffic delay 0 to 5 min. ,BELGRAVE-HALLAM ROAD ,0 to 5 min,40,1
Utility works,2 lanes closed both directions,Pending,2018-08-14T22:00:00,2018-09-15T06:00:00,other daily works from 08:00 AM to 04:00 PM. Roadworks speed limit 40 km/h. Traffic delay greater than 10 min. ,FOOTE STREET ,Greater than 10 min,40,2
Road construction, entry/exit ramp closed,Active,2018-07-09T10:00:00,2018-08-30T19:00:00,other daily works from 08:00 PM to 05:00 AM. Roadworks speed limit 40 km/h. Traffic delay 0 to 5 min. ,MICKLEHAM-TULLAMARINE IN RAMP ON,0 to 5 min,40,0
Road construction, road closed,Pending,2018-08-08T14:00:00,2018-09-29T14:00:00,Full Closure Buckley Street between Cliff street and Mount Alexander Rd  Friday 9 August from 07.00pm to Sunday 30 September 06.00am. Roadworks speed limit 40 km/h. Traffic delay 10 to 15 min. ,BUCKLEY STREET ,6 to 10 min,40,0
Utility works,1 lane closed outbound,Pending,2018-08-01T10:30:00,2018-09-29T19:00:00,Full week including weekends - Sunday to Saturday daily works from 08:30 PM to 05:00 AM. Roadworks speed limit 40 km/h. Traffic delay 0 to 5 min. ,MONASH FREEWAY ,0 to 5 min,40,1
Road maintenance,1 lane closed northbound,Pending,2018-08-09T21:00:00,2018-09-14T21:00:00,Sewer upgrade work from 10th August to 15th September. 24/7 Traffic Management. One North bound lane closed. Traffic delay 0 to 5 minutes.,DENMARK STREET ,0 to 5 min,0,1
Road construction,1 lane closed both directions,Active,2018-04-03T20:00:00,2018-08-28T07:00:00,Full week including weekends - Sunday to Saturday daily works from 06:00 AM to 05:00 PM. Roadworks speed limit 40 km/h. Traffic delay 6 to 10 min. ,PAYNESVILLE ROAD ,6 to 10 min,40,1
Road construction, road closed,Pending,2018-08-12T10:00:00,2018-09-29T19:30:00,Full week including weekends - Sunday to Saturday daily works from 08:00 PM to 05:30 AM. Roadworks speed limit 40 km/h. Traffic delay 0 to 5 min. ,PLENTY ROAD ,0 to 5 min,40,0
Road construction,1 lane closed outbound,Pending,2018-08-19T20:00:00,2018-09-30T08:00:00,Full week including weekends - Sunday to Saturday daily works from 06:00 AM to 06:00 PM. Roadworks speed limit 40 km/h. Traffic delay 0 to 5 min. ,WESTERN FREEWAY ,0 to 5 min,40,1
Road construction, road closed,Active,2018-02-11T13:00:00,2019-02-28T12:59:00,Full week including weekends - Sunday to Saturday continuous works 24 hours a day. Roadworks speed limit 40 km/h. Traffic delay greater than 10 min. ,SHELLEY ROAD ,Greater than 10 min,40,0
Road construction, lanes closed both directions,Pending,2018-06-01T10:00:00,2018-08-30T19:30:00,Full week including weekends - Sunday to Saturday daily works from 08:00 PM to 05:30 AM. Roadworks speed limit 40 km/h. Traffic delay 0 to 5 min. ,PRINCES FREEWAY ,0 to 5 min,40,0
Road maintenance,1 lane closed westbound,Pending,2017-12-31T13:00:00,2018-08-25T14:00:00,Westbound (Melton-bound) on the Melton Hwy is reduced to 1 lane for Level Crossing Removal works between McCubbin Dr and Overton Lea Blvduntil the 26 August 2018.,MELTON HIGHWAY ,0 to 5 min,40,1
Road construction, road closed,Pending,2018-08-12T10:00:00,2018-09-29T19:30:00,Full week including weekends - Sunday to Saturday daily works from 08:00 PM to 05:30 AM. Roadworks speed limit 40 km/h. Traffic delay 0 to 5 min. ,CENTENARY DRIVE ,0 to 5 min,40,0
Road maintenance,1 lane closed eastbound,Pending,2018-08-20T11:00:00,2018-08-23T19:30:00,Weekdays only - Monday to Friday daily works from 09:00 PM to 05:30 AM. Roadworks speed limit 40 km/h. Traffic delay 0 to 5 min. ,PRINCES FREEWAY ,0 to 5 min,40,1
Sporting/social event, road closed,Pending,2017-12-07T18:30:00,2018-12-30T13:00:00,Brunton Avenue closed 2.0 hours before the start  and 1 hour after MCG events (during MCG events only NOT all the time). Check MCG website for dates and times. Expect delay. Use alternative routes. ,BRUNTON AVENUE ,6 to 10 min,40,0
Road construction, road closed,Pending,2018-07-03T14:00:00,2019-06-30T02:00:00,Full week including weekends - Sunday to Saturday daily works from 12:00 AM to 12:00 PM. Roadworks speed limit 40 km/h. Traffic delay 0 to 5 min. ,HAUGHTON ROAD ,0 to 5 min,40,0
Road maintenance, lanes closed both directions,Pending,2018-01-18T19:00:00,2018-12-31T09:30:00,Full week including weekends - Sunday to Saturday daily works from 06:00 AM to 08:30 PM. Roadworks speed limit 40 km/h. Traffic delay nil. ,SUNBURY ROAD ,Nil,40,0
Road construction,2 lanes closed altona bound,Pending,2016-10-31T11:30:00,2018-09-11T19:00:00,Full week including weekends - Sunday to Saturday daily works from 10:30 PM to 05:00 AM. Roadworks speed limit 40 km/h. Traffic delay 6 to 10 min. ,WESTERN RING ROAD ,6 to 10 min,40,2
Road construction, ,Pending,2018-06-28T23:30:00,2019-06-30T05:30:00,One lane closed in each direction for preliminary level crossing removal works. Full week including weekends - Sunday to Saturday daily works from 09:30 AM to 03:30 PM. Roadworks speed limit 40 km/h. Traffic delay 0 to 5 min. ,MURRUMBEENA ROAD ,0 to 5 min,40,2
Sporting/social event, road closed,Pending,2017-12-07T19:00:00,2020-12-30T14:00:00,Brunton Avenue closed  2.0 hours before and 1 hour after MCG event (during MCG events only NOT all the time). Check MCG website for event dates and times.  Expect delay.  Use alternative routes. ,BRUNTON AVENUE ,6 to 10 min,0,0
Road construction, ,Pending,2018-06-28T23:30:00,2019-06-30T05:30:00,One lane closed in each direction for preliminary level crossing removal works. Full week including weekends - Sunday to Saturday daily works from 09:30 AM to 03:30 PM. Roadworks speed limit 40 km/h. Traffic delay 0 to 5 min. ,KOORNANG ROAD ,0 to 5 min,40,2
Road construction, ,Pending,2018-06-28T23:30:00,2019-06-30T05:30:00,One lane closed in each direction for preliminary level crossing removal works. Full week including weekends - Sunday to Saturday daily works from 09:30 AM to 03:30 PM. Roadworks speed limit 40 km/h. Traffic delay 0 to 5 min. ,POATH ROAD ,0 to 5 min,40,2
Road construction, entry/exit ramp closed,Pending,2018-08-08T10:00:00,2018-08-30T19:00:00,other daily works from 08:00 PM to 05:00 AM. Roadworks speed limit 60 km/h. Traffic delay 0 to 5 min. ,TULLAMARINE OUT-ENGLISH RAMP OF,0 to 5 min,60,0
Utility works,3 lanes closed southbound,Pending,2017-05-01T11:00:00,2019-04-29T19:00:00,other daily works from 09:00 PM to 05:00 AM. Roadworks speed limit 40 km/h. Traffic delay greater than 10 min. ,WESTERN RING ROAD ,Greater than 10 min,40,3
Road construction, entry/exit ramp closed,Active,2018-07-07T10:30:00,2018-08-29T19:00:00,Full week including weekends - Sunday to Saturday daily works from 08:30 PM to 05:00 AM. Roadworks speed limit 40 km/h. Traffic delay 0 to 5 min. ,CITYLINK OUT-BULLA RAMP OF,0 to 5 min,40,1
Road construction,1 lane closed both directions,Pending,2017-03-31T09:30:00,2018-08-30T19:30:00,Full week including weekends - Sunday to Saturday daily works from 08:30 PM to 05:30 AM. Roadworks speed limit 40 km/h. Traffic delay 0 to 5 min. ,WESTERN RING ROAD ,0 to 5 min,40,1
Road construction,2 lanes closed outbound,Pending,2018-06-01T10:00:00,2018-08-30T19:30:00,Full week including weekends - Sunday to Saturday daily works from 08:00 PM to 05:30 AM. Roadworks speed limit 40 km/h. Traffic delay 0 to 5 min. ,MONASH FREEWAY ,0 to 5 min,40,2
Road construction,2 lanes closed inbound,Pending,2018-06-01T10:00:00,2018-08-30T18:30:00,Full week including weekends - Sunday to Saturday daily works from 08:00 PM to 04:30 AM. Roadworks speed limit 40 km/h. Traffic delay 0 to 5 min. ,PRINCES FREEWAY ,0 to 5 min,40,2
Road maintenance,1 lane closed southbound,Pending,2018-05-27T20:00:00,2018-09-21T08:00:00,Monday to Saturday daily works from 06:00 AM to 06:00 PM. Roadworks speed limit 60 km/h. Traffic delay 0 to 5 min. ,HUME FREEWAY ,0 to 5 min,60,1
Road construction, road closed,Pending,2018-08-22T11:30:00,2018-08-23T20:00:00,other daily works from 09:30 PM to 06:00 AM. Roadworks speed limit 40 km/h. Traffic delay greater than 10 min. ,PASCOE VALE ROAD ,Greater than 10 min,40,0
Road construction,2 lanes closed inbound,Pending,2018-06-01T10:00:00,2018-08-30T18:30:00,Full week including weekends - Sunday to Saturday daily works from 08:00 PM to 04:30 AM. Roadworks speed limit 40 km/h. Traffic delay 0 to 5 min. ,PRINCES FREEWAY ,0 to 5 min,40,2
Road construction,1 lane closed eastbound,Pending,2018-08-23T10:00:00,2018-10-25T18:00:00,other daily works from 08:00 PM to 05:00 AM. Roadworks speed limit 40 km/h. Traffic delay 0 to 5 min. ,WILLIAMSTOWN-WEST GATE IN RAMP ON,0 to 5 min,40,1
Road construction,1 lane closed both directions,Pending,2018-03-07T09:30:00,2018-09-29T19:00:00,Full week including weekends - Sunday to Saturday daily works from 08:30 PM to 05:00 AM. Roadworks speed limit 40 km/h. Traffic delay 0 to 5 min. ,PRINCES FREEWAY ,0 to 5 min,40,1
Road construction,1 lane closed eastbound,Pending,2018-06-29T10:00:00,2018-09-29T19:30:00,Full week including weekends - Sunday to Saturday daily works from 08:00 PM to 05:30 AM. Roadworks speed limit 40 km/h. Traffic delay 0 to 5 min. ,SUNBURY ROAD ,0 to 5 min,40,1
Road construction,1 lane closed outbound,Pending,2018-06-20T10:30:00,2018-09-29T19:00:00,Full week including weekends - Sunday to Saturday daily works from 08:30 PM to 05:00 AM. Roadworks speed limit 40 km/h. Traffic delay 0 to 5 min. ,PRINCES FREEWAY ,0 to 5 min,40,1
Road construction,2 lanes closed both directions,Pending,2018-02-20T13:00:00,2018-08-29T14:00:00,Buckley St is reduced to one lane each direction for Level Crossing Removal works from Mt Alexander Rd to Violet St until August 2018.,BUCKLEY STREET ,6 to 10 min,40,2
Road construction,1 lane closed both directions,Pending,2018-01-31T09:00:00,2018-09-29T19:00:00,Full week including weekends - Sunday to Saturday daily works from 08:00 PM to 05:00 AM. Roadworks speed limit 40 km/h. Traffic delay 0 to 5 min. ,MONASH FREEWAY ,0 to 5 min,40,1
Road construction,1 lane closed both directions,Active,2018-08-12T21:00:00,2018-11-02T08:00:00,Monday to Saturday daily works from 07:00 AM to 07:00 PM. Roadworks speed limit 40 km/h. Traffic delay 6 to 10 min. ,PRINCES HIGHWAY ,6 to 10 min,40,1
Road maintenance, road closed,Pending,2018-07-20T12:00:00,2018-09-29T19:00:00,Full week including weekends - Sunday to Saturday daily works from 10:00 PM to 05:00 AM. Roadworks speed limit 40 km/h. Traffic delay 0 to 5 min. ,ST KILDA ROAD ,0 to 5 min,40,0
Road maintenance,1 lane closed outbound,Pending,2018-02-25T22:00:00,2019-02-26T03:00:00,Full week including weekends - Sunday to Saturday daily works from 09:00 AM to 02:00 PM. Roadworks speed limit 40 km/h. Traffic delay 0 to 5 min. ,CALDER FREEWAY ,0 to 5 min,40,1
Road maintenance,1 lane closed inbound,Pending,2018-02-01T19:00:00,2018-08-31T08:00:00,Full week including weekends - Sunday to Saturday continuous works 24 hours a day. Roadworks speed limit 40 km/h. Traffic delay 0 to 5 min. ,CALDER HIGHWAY ,0 to 5 min,40,1
Utility works, entry/exit ramp closed,Pending,2018-07-24T10:00:00,2018-08-30T19:00:00,other daily works from 08:00 PM to 05:00 AM. Roadworks speed limit 40 km/h. Traffic delay 6 to 10 min. ,FULLARTON-CALDER IN RAMP ON,6 to 10 min,40,0
Road maintenance,3 lanes closed both directions,Pending,2018-08-08T10:00:00,2018-09-29T19:00:00,Full week including weekends - Sunday to Saturday daily works from 08:00 PM to 05:00 AM. Roadworks speed limit 40 km/h. Traffic delay greater than 10 min. ,BLACKBURN ROAD ,Greater than 10 min,40,3
Road maintenance,1 lane closed both directions,Active,2018-08-08T10:00:00,2018-09-29T19:00:00,Full week including weekends - Sunday to Saturday daily works from 08:00 PM to 05:00 AM. Roadworks speed limit 40 km/h. Traffic delay greater than 10 min. ,CANTERBURY ROAD ,Greater than 10 min,40,1
Road construction, entry/exit ramp closed,Pending,2018-08-03T10:00:00,2018-08-30T19:00:00,other daily works from 08:00 PM to 05:00 AM. Roadworks speed limit 40 km/h. Traffic delay 6 to 10 min. ,WESTERN RING OUT-TULLAMARINE OUT RAMP ,6 to 10 min,40,0
Road maintenance,1 lane closed inbound,Pending,2018-02-25T23:00:00,2019-02-26T05:00:00,Full week including weekends - Sunday to Saturday daily works from 10:00 AM to 04:00 PM. Roadworks speed limit 40 km/h. Traffic delay 0 to 5 min. ,CALDER FREEWAY ,0 to 5 min,40,1
Road construction, entry/exit ramp closed,Active,2018-06-25T10:00:00,2018-08-30T19:00:00,other daily works from 08:00 PM to 05:00 AM. Roadworks speed limit 60 km/h. Traffic delay 0 to 5 min. ,MELROSE-TULLAMARINE IN RAMP ON,0 to 5 min,60,0
Utility works,1 lane closed westbound,Pending,2018-07-05T12:30:00,2018-09-29T19:00:00,Full week including weekends - Sunday to Saturday daily works from 10:30 PM to 05:00 AM. Roadworks speed limit 40 km/h. Traffic delay greater than 10 min. ,WESTERN RING ROAD ,Greater than 10 min,40,1
Utility works,2 lanes closed eastbound,Pending,2018-07-05T12:30:00,2018-09-29T18:00:00,Full week including weekends - Sunday to Saturday daily works from 10:30 PM to 04:00 AM. Roadworks speed limit 40 km/h. Traffic delay greater than 10 min. ,WESTERN RING ROAD ,Greater than 10 min,40,2
Road construction, lanes closed eastbound,Pending,2018-07-22T12:00:00,2018-10-30T17:00:00,other daily works from 10:00 PM to 04:00 AM. Roadworks speed limit 40 km/h. Traffic delay 0 to 5 min. ,WEST GATE FREEWAY ,0 to 5 min,40,0
Road maintenance,2 lanes closed both directions,Active,2018-06-30T14:00:00,2018-09-30T13:59:00,Full week including weekends - Sunday to Saturday daily works from 12:00 AM to 11:59 PM. Roadworks speed limit 40 km/h. Traffic delay 0 to 5 min. ,WESTERN RING ROAD ,0 to 5 min,40,2
Road construction, entry/exit ramp closed,Pending,2018-08-10T10:00:00,2018-08-30T19:00:00,other daily works from 08:00 PM to 05:00 AM. Roadworks speed limit 40 km/h. Traffic delay greater than 10 min. ,MICKLEHAM-TULLAMARINE OUT RAMP ON,Greater than 10 min,40,0
Road construction, entry/exit ramp closed,Pending,2018-07-23T10:00:00,2018-08-30T19:00:00,Full week including weekends - Sunday to Saturday daily works from 08:00 PM to 05:00 AM. Roadworks speed limit 60 km/h. Traffic delay 0 to 5 min. ,TULLAMARINE OUT-MELROSE RAMP OF,0 to 5 min,60,0
Utility works,1 lane closed eastbound,Pending,2018-07-15T21:00:00,2018-09-30T05:00:00,Full week including weekends - Sunday to Saturday daily works from 07:00 AM to 03:00 PM. Roadworks speed limit 40 km/h. Traffic delay greater than 10 min. ,SHARPS ROAD ,Greater than 10 min,40,1
Road construction, road closed,Active,2018-07-09T14:00:00,2018-12-30T13:00:00,Street scape works on behalf of City of Melbourne. Southbank Boulevard closed 24/7 from St Kilda Road to Sturt St. Traffic delay might be up to 6 to 10 min. ,SOUTHBANK BOULEVARD ALT,6 to 10 min,40,0
Utility works,2 lanes closed both directions,Pending,2018-03-04T20:00:00,2019-01-12T05:00:00,Melbourne Water works along Beach Road starting 05/03/2018 between 7:00am to 4:00pm Monday to Friday. Major Delays expected. Seek Alternative route.,BEACH ROAD ,6 to 10 min,40,2
Road construction, road closed,Pending,2018-07-01T12:00:00,2018-09-02T19:00:00,Full week including weekends - Sunday to Saturday daily works from 10:00 PM to 05:00 AM. Roadworks speed limit 40 km/h. Traffic delay 0 to 5 min. ,PRINCES IN-WESTERN RING OUT RAMP ,0 to 5 min,0,3
Road construction, road closed,Pending,2018-07-01T11:00:00,2018-09-02T19:00:00,Full week including weekends - Sunday to Saturday daily works from 09:00 PM to 05:00 AM. Roadworks speed limit nil. Traffic delay 0 to 5 min. ,WESTERN RING IN-PRINCES OUT RAMP ,0 to 5 min,0,0
Road construction,2 lanes closed both directions,Pending,2018-02-13T13:00:00,2021-08-14T14:00:00,"Road reduced to one lane in each directions until August 2021. The closure is in place for the Metro Rail Tunnel works and is between Dorcas St and Toorak Rd. Motorists should allow up to 15 minutes extra travel time.Alternative routes include Kings Way, Queens Road, Ferrars Street and Beaconsfield Parade.",ST KILDA ROAD ,6 to 10 min,40,2
Road construction, lanes closed eastbound,Pending,2018-07-22T11:00:00,2018-10-30T17:00:00,other daily works from 09:00 PM to 04:00 AM. Roadworks speed limit 40 km/h. Traffic delay 0 to 5 min. ,WEST GATE FREEWAY ,0 to 5 min,40,0
Road construction,all lanes closed westbound,Pending,2018-07-28T12:00:00,2018-08-30T19:00:00,Full week including weekends - Sunday to Saturday daily works from 10:00 PM to 05:00 AM. Roadworks speed limit 40 km/h. Traffic delay 0 to 5 min. ,HULL ROAD ,0 to 5 min,40,0
Road maintenance, road closed,Pending,2018-08-09T21:00:00,2018-09-29T21:00:00,"Road closed near Bangambalanga Av, Chum Creek, for two days. VMS messages will advise of closure dates. Heavy vehicles use other approved routes. Road will then be re-opened, with shuttle flow. Speed limit 40 km/h. Possible delay 30 minutes.",HEALESVILLE-KINGLAKE ROAD ,Nil,40,0
Road construction, road closed,Active,2018-08-05T14:00:00,2018-08-31T13:59:00,Full week including weekends - Sunday to Saturday continuous works 24 hours a day. Roadworks speed limit nil. Traffic delay nil. ,VICTORIA PLACE ,Nil,0,0
Road maintenance,1 lane closed both directions,Pending,2018-08-16T23:30:00,2018-09-07T05:30:00,Weekdays only - Monday to Friday daily works from 09:30 AM to 03:30 PM. Roadworks speed limit 40 km/h. Traffic delay 0 to 5 min. ,FRANKSTON FREEWAY ,0 to 5 min,40,1
Road maintenance,4 lanes closed both directions,Active,2018-08-20T09:30:00,2018-08-24T19:30:00,other daily works from 07:30 PM to 05:30 AM. Roadworks speed limit 40 km/h. Traffic delay 0 to 5 min. ,WEST GATE FREEWAY ,0 to 5 min,40,4
Road maintenance,1 lane closed eastbound,Pending,2018-02-13T11:00:00,2018-09-12T18:00:00,Full week including weekends - Sunday to Saturday daily works from 10:00 PM to 04:00 AM. Roadworks speed limit nil. Traffic delay nil. ,MONASH FREEWAY ,Nil,0,1
Road construction, road closed,Active,2018-08-05T14:00:00,2019-01-05T13:00:00,"North Yarra Main Sewer relocation. Whitehall St northbound full closure from Leek St to Somerville Rd, detour via Leek St, Hyde St and Somerville Rd.",WHITEHALL STREET ,0 to 5 min,40,2
Road maintenance,all lanes closed southbound,Pending,2018-07-17T10:30:00,2018-09-03T19:30:00,other daily works from 08:30 PM to 05:30 AM. Roadworks speed limit 40 km/h. Traffic delay 0 to 5 min. ,CRANBOURNE-NARRE WARREN ROAD ,0 to 5 min,40,0
Utility works,1 lane closed both directions,Pending,2018-05-28T10:15:00,2018-09-29T19:00:00,Full week including weekends - Sunday to Saturday continuous works 24 hours a day. Roadworks speed limit 40 km/h. Traffic delay 0 to 5 min. ,PRINCES FREEWAY ,0 to 5 min,40,1
Road construction,1 lane closed both directions,Pending,2018-07-01T23:00:00,2018-11-19T06:00:00,Full week including weekends - Sunday to Saturday daily works from 09:00 AM to 05:00 PM. Roadworks speed limit 40 km/h. Traffic delay 0 to 5 min. ,MORNINGTON PENINSULA FREEWAY ,0 to 5 min,40,1
Road construction,3 lanes closed greensborough bound,Pending,2018-07-11T09:30:00,2018-08-30T20:00:00,Full week including weekends - Sunday to Saturday daily works from 07:30 PM to 06:00 AM. Roadworks speed limit 40 km/h. Traffic delay 0 to 5 min. ,WESTERN RING ROAD ,0 to 5 min,40,3
Road maintenance,1 lane closed northbound,Pending,2018-04-06T21:00:00,2018-08-31T07:00:00,other daily works from 07:00 AM to 05:00 PM. Roadworks speed limit 40 km/h. Traffic delay greater than 10 min. ,MCINTYRE ROAD ,Greater than 10 min,40,1
Road maintenance,1 lane closed both directions,Pending,2017-12-31T20:00:00,2018-10-31T06:00:00,Full week including weekends - Sunday to Saturday daily works from 07:00 AM to 05:00 PM. Roadworks speed limit 40 km/h. Traffic delay 0 to 5 min. ,WESTERN FREEWAY ,0 to 5 min,40,1
Road maintenance,1 lane closed inbound,Pending,2018-08-09T01:00:00,2018-08-30T04:00:00,Weekdays only - Monday to Friday daily works from 11:00 AM to 02:00 PM. Roadworks speed limit 60 km/h. Traffic delay 0 to 5 min. ,MONASH FREEWAY ,0 to 5 min,60,1
Road maintenance,1 lane closed outbound,Pending,2018-07-29T23:30:00,2018-09-28T05:30:00,Weekdays only - Monday to Friday continuous works 24 hours a day. Roadworks speed limit 40 km/h. Traffic delay 0 to 5 min. ,PRINCES FREEWAY ,0 to 5 min,40,1
Road maintenance,1 lane closed inbound,Pending,2018-07-29T23:30:00,2018-09-28T05:30:00,Weekdays only - Monday to Friday continuous works 24 hours a day. Roadworks speed limit 40 km/h. Traffic delay 0 to 5 min. ,PRINCES FREEWAY ,0 to 5 min,40,1
Road maintenance, road closed,Pending,2018-07-28T09:30:00,2019-07-29T23:00:00,Burnley Tunnel Full closure 10:00PM Saturday night 28th July to 8:00AM Sunday morning 29th July.,BURNLEY TUNNEL ,0 to 5 min,40,0
Road construction, entry/exit ramp closed,Pending,2018-08-22T10:30:00,2018-08-23T19:30:00,Weekdays only - Monday to Friday daily works from 08:30 PM to 05:30 AM. Roadworks speed limit 40 km/h. Traffic delay greater than 10 min. ,FURLONG-WESTERN RING OUT RAMP ON,Greater than 10 min,40,0
Road construction, entry/exit ramp closed,Pending,2018-08-22T10:30:00,2018-08-23T19:30:00,Weekdays only - Monday to Friday daily works from 08:30 PM to 05:30 AM. Roadworks speed limit 40 km/h. Traffic delay greater than 10 min. ,WESTERN RING OUT-SUNSHINE RAMP OF,Greater than 10 min,40,0
Road construction,1 lane closed greensborough bound,Pending,2018-08-22T10:30:00,2018-08-23T19:30:00,Weekdays only - Monday to Friday  from 08:30 PM to 05:30 AM. Roadworks speed limit 40 km/h. Traffic delay greater than 10 min. ,WESTERN RING ROAD ,Greater than 10 min,40,1
Road construction,1 lane closed northbound,Pending,2018-08-05T21:00:00,2018-08-31T07:00:00,"Were adding an extra lane to Warrandyte Bridge to ease traffic flow and make it safer for the community.At times, lanes will be closed and speeds will be reduced as we carry out these important works. Plan for delays on Yarra St and Kangaroo Ground - Warrandyte Rd until the end of September 2018.",KANGAROO GROUND-WARRANDYTE ROAD ,0 to 5 min,40,1
Road maintenance, expect delays,Pending,2018-05-06T20:00:00,2018-09-28T08:00:00,Weekdays only - Monday to Friday daily works from 06:00 AM to 06:00 PM. Roadworks speed limit 40 km/h. Traffic delay 6 to 10 min. ,GLENGARRY WEST ROAD ,6 to 10 min,40,0
Road construction,4 lanes closed outbound,Pending,2018-08-16T10:00:00,2018-08-25T19:00:00,Full week including weekends - Sunday to Saturday daily works from 08:00 PM to 05:00 AM. Roadworks speed limit 40 km/h. Traffic delay 0 to 5 min. ,WEST GATE FREEWAY ,0 to 5 min,40,4
Road construction,3 lanes closed outbound,Active,2018-07-05T09:30:00,2018-10-30T18:30:00,Full week including weekends - Sunday to Saturday daily works from 07:30 PM to 05:30 AM. Roadworks speed limit 40 km/h. Traffic delay 0 to 5 min. ,TULLAMARINE FREEWAY ,0 to 5 min,40,3
Road maintenance,1 lane closed eastbound,Pending,2016-08-12T00:00:00,2019-08-10T04:00:00,Weekdays only - Monday to Friday daily works from 10:00 AM to 02:00 PM. Roadworks speed limit 60 km/h. Traffic delay 0 to 5 min. ,PRINCES FREEWAY ,0 to 5 min,60,1
Utility works,3 lanes closed eastbound,Pending,2016-12-21T22:30:00,2019-12-31T04:30:00,Full week including weekends - Sunday to Saturday daily works from 09:30 AM to 03:30 PM. Roadworks speed limit 60 km/h. Traffic delay nil. ,WESTERN RING ROAD ,Nil,60,3
Sporting/social event, road closed,Pending,2016-04-01T07:00:00,2019-12-31T15:00:00,Event from 06:00 PM to 02:00 AM. Event speed limit 40 km/h. Traffic delay 6 to 10 min. ,SPENCER STREET ,6 to 10 min,40,0
Road construction, road closed,Pending,2017-12-31T22:30:00,2018-12-31T04:30:00,Full week including weekends - Sunday to Saturday daily works from 09:30 AM to 03:30 PM. Roadworks speed limit nil. Traffic delay 0 to 5 min. ,WARRIGAL ROAD ,0 to 5 min,0,1
Road maintenance, road closed,Pending,2017-09-13T21:00:00,2019-01-31T06:00:00,Full week including weekends - Sunday to Saturday daily works from 07:00 AM to 05:00 PM. Roadworks speed limit nil. Traffic delay 0 to 5 min. ,STANLEY TERRACE ,0 to 5 min,0,0
Road maintenance,1 lane closed westbound,Pending,2016-08-11T23:30:00,2019-08-10T04:00:00,Weekdays only - Monday to Friday daily works from 09:30 AM to 02:00 PM. Roadworks speed limit 60 km/h. Traffic delay 0 to 5 min. ,PRINCES FREEWAY ,0 to 5 min,60,1
Road maintenance,1 lane closed westbound,Pending,2016-08-11T23:00:00,2019-08-10T05:00:00,Weekdays only - Monday to Friday daily works from 09:00 AM to 03:00 PM. Roadworks speed limit 60 km/h. Traffic delay 0 to 5 min. ,PRINCES FREEWAY ,0 to 5 min,60,1
Road maintenance,1 lane closed eastbound,Pending,2016-08-11T23:30:00,2019-08-10T05:30:00,Weekdays only - Monday to Friday daily works from 09:30 AM to 03:30 PM. Roadworks speed limit 60 km/h. Traffic delay 0 to 5 min. ,PRINCES FREEWAY ,0 to 5 min,60,1
Road maintenance,3 lanes closed westbound,Pending,2015-12-09T10:00:00,2021-12-30T18:00:00,other daily works from 09:00 PM to 05:00 AM. Roadworks speed limit 40 km/h. Traffic delay 0 to 5 min. ,WEST GATE FREEWAY ,0 to 5 min,40,3
Road construction, road closed,Pending,2018-06-16T23:00:00,2019-01-24T22:00:00,Full week including weekends - Sunday to Saturday daily works from 09:00 AM to 09:00 AM. Roadworks speed limit nil. Traffic delay 0 to 5 min. ,LATROBE AVENUE ,0 to 5 min,0,0
Utility works,2 lanes closed westbound,Pending,2016-12-21T22:30:00,2019-12-31T04:30:00,Full week including weekends - Sunday to Saturday daily works from 09:30 AM to 03:30 PM. Roadworks speed limit 60 km/h. Traffic delay nil. ,WESTERN RING ROAD ,Nil,60,2
Utility works,1 lane closed westbound,Pending,2017-08-09T23:30:00,2019-08-21T05:30:00,Weekdays only - Monday to Friday daily works from 09:30 AM to 03:30 PM. Roadworks speed limit 60 km/h. Traffic delay 0 to 5 min. ,PRINCES FREEWAY ,0 to 5 min,60,1
Utility works,1 lane closed both directions,Pending,2017-12-31T20:30:00,2018-12-31T04:30:00,Full week including weekends - Sunday to Saturday continuous works 24 hours a day. Roadworks speed limit 40 km/h. Traffic delay 0 to 5 min. ,PRINCES FREEWAY ,0 to 5 min,40,1
Road construction, road closed,Pending,2018-04-11T21:00:00,2018-11-12T07:00:00,Monday to Saturday daily works from 07:00 AM to 06:00 PM. Roadworks speed limit nil. Traffic delay 0 to 5 min. ,CHURCH STREET ,0 to 5 min,0,1
Sporting/social event, road closed,Pending,2015-05-28T20:00:00,2020-05-28T16:00:00,Lane closures on Spencer St to allow for safe exit of pedestrians from Etihad Stadium during EVENTS ONLY. Check Etihad Stadium website for dates and times. ,SPENCER STREET ,6 to 10 min,40,0
Road construction,1 lane closed both directions,Pending,2017-06-13T14:00:00,2018-08-30T14:00:00,Wingrove St access closed from Grange Rd for Level Crossing Removal work.,GRANGE ROAD ,0 to 5 min,40,1
Utility works,1 lane closed both directions,Pending,2017-10-29T18:00:00,2018-10-29T18:00:00,Full week including weekends - Sunday to Saturday continuous works 24 hours a day. Roadworks speed limit 40 km/h. Traffic delay greater than 10 min. ,DOUGLAS PARADE ,Greater than 10 min,40,1
Sporting/social event, road closed,Pending,2015-05-28T20:00:00,2020-05-29T08:00:00,Lane closures on Spencer St to allow for safe exit of pedestrians from Etihad Stadium during EVENTS ONLY. Check Etihad Stadium website for dates and times. ,SPENCER STREET ,6 to 10 min,40,0
Sporting/social event, road closed,Pending,2015-05-25T08:00:00,2020-05-28T16:00:00,Lane closures on Spencer St to allow for safe exit of pedestrians from Etihad Stadium during EVENTS ONLY. Check Etihad Stadium website for dates and times. ,SPENCER STREET ,6 to 10 min,40,0
Road maintenance,3 lanes closed northbound,Pending,2017-05-01T11:00:00,2019-04-29T19:00:00,other daily works from 09:00 PM to 05:00 AM. Roadworks speed limit 40 km/h. Traffic delay greater than 10 min. ,WESTERN RING ROAD ,Greater than 10 min,40,3
Road maintenance,1 lane closed northbound,Pending,2017-11-29T22:30:00,2018-10-30T04:30:00,Full week including weekends - Sunday to Saturday daily works from 09:30 AM to 03:30 PM. Roadworks speed limit 40 km/h. Traffic delay 0 to 5 min. ,GEELONG RING ROAD ,0 to 5 min,40,1
Utility works,1 lane closed both directions,Pending,2018-03-26T18:00:00,2018-10-29T18:00:00,Full week including weekends - Sunday to Saturday continuous works 24 hours a day. Roadworks speed limit 40 km/h. Traffic delay greater than 10 min. ,DOUGLAS PARADE ,Greater than 10 min,40,1
Sporting/social event, road closed,Pending,2015-05-28T20:00:00,2020-05-29T08:00:00,Lane closures on Spencer St to allow for safe exit of pedestrians from Etihad Stadium during EVENTS ONLY. Check Etihad Stadium website for dates and times. ,SPENCER STREET ,6 to 10 min,40,0
Utility works,all lanes closed both directions,Pending,2018-06-29T09:30:00,2018-09-15T20:00:00,Full week including weekends - Sunday to Saturday daily works from 07:30 PM to 06:00 AM. Roadworks speed limit 40 km/h. Traffic delay 0 to 5 min. ,CAMP ROAD ,0 to 5 min,40,0
Road maintenance, ,Active,2018-01-28T23:00:00,2019-01-10T08:00:00,Full week including weekends - Sunday to Saturday daily works from 10:00 AM to 07:00 PM. Roadworks speed limit 40 km/h. Traffic delay greater than 10 min. ,SWAN STREET ,Greater than 10 min,40,1
Road maintenance,1 lane closed northbound,Pending,2016-01-28T22:00:00,2019-01-28T04:00:00,Full week including weekends - Sunday to Saturday daily works from 09:00 AM to 03:00 PM. Roadworks speed limit 40 km/h. Traffic delay 0 to 5 min. ,MORNINGTON PENINSULA FREEWAY ,0 to 5 min,40,1
Road construction, ,Pending,2018-07-03T23:30:00,2018-12-06T04:30:00,Plenty Road closed south of Mernda Village Drive each weekend for the next 3 weeks starting 09/09/2017 6:30am on Saturday to 8:00pm on Sunday (continuously). Detour via Schotters Road. Delays expected.,PLENTY ROAD ,0 to 5 min,40,1
Utility works,1 lane closed both directions,Pending,2018-04-09T20:30:00,2018-09-29T20:30:00,Full week including weekends - Sunday to Saturday continuous works 24 hours a day. Roadworks speed limit 40 km/h. Traffic delay greater than 10 min. ,DOUGLAS PARADE ,Greater than 10 min,40,1
Road construction, road closed,Pending,2018-06-04T21:30:00,2018-08-30T07:30:00,Full week including weekends - Sunday to Saturday daily works from 07:30 AM to 05:30 PM. Roadworks speed limit 40 km/h. Traffic delay 0 to 5 min. ,GHAZEEPORE ROAD ,0 to 5 min,40,0
Road construction, road closed,Pending,2018-05-27T21:00:00,2018-11-30T06:00:00,Full week including weekends - Sunday to Saturday continuous works 24 hours a day. Roadworks speed limit 40 km/h. Traffic delay 0 to 5 min. ,SOUTH GIPPSLAND HIGHWAY ,0 to 5 min,40,0
Road construction, expect delays,Pending,2018-05-04T21:00:00,2018-09-30T07:30:00,Full week including weekends - Sunday to Saturday continuous works 24 hours a day. Roadworks speed limit 40 km/h. Traffic delay 6 to 10 min. ,DANDENONG-HASTINGS ROAD ,6 to 10 min,40,2
Road maintenance,1 lane closed both directions,Pending,2018-06-14T21:00:00,2018-09-04T07:00:00,Full week including weekends - Sunday to Saturday daily works from 07:00 AM to 05:00 PM. Roadworks speed limit 40 km/h. Traffic delay 0 to 5 min. ,HUME FREEWAY ,0 to 5 min,40,1
Road maintenance, road closed,Pending,2018-04-11T21:00:00,2019-07-06T07:00:00,Full week including weekends - Sunday to Saturday daily works from 07:00 AM to 05:00 PM. Roadworks speed limit nil. Traffic delay 0 to 5 min. ,HAMPTON STREET ,0 to 5 min,0,0
Utility works,2 lanes closed both directions,Pending,2018-05-04T14:00:00,2018-08-31T14:00:00,Full week including weekends - Sunday to Saturday continuous works 24 hours a day. Roadworks speed limit 40 km/h. Traffic delay greater than 10 min. ,ESPLANADE  ,Greater than 10 min,40,2
Road construction, road closed,Pending,2018-04-10T21:00:00,2018-08-26T21:00:00,Full week including weekends - Sunday to Saturday daily works from 07:00 AM to 07:00 AM. Roadworks speed limit nil. Traffic delay nil. ,HORSESHOE BEND ROAD ,Nil,0,0
Road construction,2 lanes closed eastbound,Pending,2018-07-31T23:00:00,2018-08-31T06:00:00,Full week including weekends - Sunday to Saturday daily works from 09:00 AM to 04:00 PM. Roadworks speed limit 40 km/h. Traffic delay greater than 10 min. ,DANDENONG ROAD E,Greater than 10 min,40,2
Utility works,1 lane closed southbound,Pending,2018-05-06T19:00:00,2018-11-29T18:00:00,Full week including weekends - Sunday to Saturday continuous works 24 hours a day. Roadworks speed limit 40 km/h. Traffic delay greater than 10 min. ,DOUGLAS PARADE ,Greater than 10 min,40,1
Road construction, road closed,Pending,2018-06-28T10:30:00,2018-09-27T19:00:00,Full week including weekends - Sunday to Saturday daily works from 08:30 PM to 05:00 AM. Roadworks speed limit 40 km/h. Traffic delay 0 to 5 min. ,ROYAL PARADE ,0 to 5 min,40,1
Road construction, road closed,Pending,2018-07-09T11:30:00,2019-06-29T19:30:00,Full week including weekends - Sunday to Saturday daily works from 09:30 PM to 05:30 AM. Roadworks speed limit 40 km/h. Traffic delay 6 to 10 min. ,HEATHERTON ROAD ,6 to 10 min,40,0
Utility works, road closed,Pending,2018-07-12T23:30:00,2018-09-13T05:30:00,Full week including weekends - Sunday to Saturday daily works from 09:30 AM to 03:30 PM. Roadworks speed limit 40 km/h. Traffic delay 0 to 5 min. ,SACKVILLE STREET ,0 to 5 min,40,0
Road maintenance,1 lane closed southbound,Pending,2018-06-30T21:30:00,2018-10-01T06:30:00,other daily works from 07:30 AM to 04:30 PM. Roadworks speed limit 40 km/h. Traffic delay greater than 10 min. ,LOWER PLENTY ROAD ,Greater than 10 min,40,1
Road construction, road closed,Pending,2018-08-19T23:00:00,2018-09-03T05:30:00,Full week including weekends - Sunday to Saturday daily works from 09:00 AM to 03:30 PM. Roadworks speed limit 40 km/h. Traffic delay 0 to 5 min. ,OVERTON ROAD ,0 to 5 min,40,2
Road maintenance, ,Pending,2018-07-09T23:30:00,2018-10-24T04:30:00,Full week including weekends - Sunday to Saturday continuous works 24 hours a day. Roadworks speed limit 40 km/h. Traffic delay 0 to 5 min. ,STATION STREET ,0 to 5 min,40,2
Road maintenance,1 lane closed westbound,Pending,2018-06-30T23:00:00,2018-10-30T03:00:00,other daily works from 09:00 AM to 02:00 PM. Roadworks speed limit 40 km/h. Traffic delay 0 to 5 min. ,PRINCES HIGHWAY ,0 to 5 min,40,1
Road maintenance,1 lane closed eastbound,Pending,2018-06-30T23:00:00,2018-09-01T06:00:00,other daily works from 09:00 AM to 04:00 PM. Roadworks speed limit 40 km/h. Traffic delay 0 to 5 min. ,PRINCES HIGHWAY ,0 to 5 min,40,1
Utility works, road closed,Pending,2018-06-16T23:30:00,2018-11-06T04:30:00,Full week including weekends - Sunday to Saturday daily works from 09:30 AM to 03:30 PM. Roadworks speed limit 40 km/h. Traffic delay 0 to 5 min. ,TOORAK ROAD ,0 to 5 min,40,2
Road construction,1 lane closed southbound,Pending,2018-05-10T20:00:00,2018-08-31T08:00:00,Monday to Saturday continuous works 24 hours a day. Roadworks speed limit 40 km/h. Traffic delay 0 to 5 min. ,TULLAMARINE FREEWAY ,0 to 5 min,40,1
Road construction, road closed,Pending,2018-05-20T23:30:00,2018-09-26T05:30:00,Full week including weekends - Sunday to Saturday daily works from 09:30 AM to 03:30 PM. Roadworks speed limit 40 km/h. Traffic delay 0 to 5 min. ,VICTORIA STREET ,0 to 5 min,40,0
Road maintenance,2 lanes closed both directions,Pending,2018-06-30T14:00:00,2018-09-29T14:00:00,Full week including weekends - Sunday to Saturday daily works from 12:00 AM to 12:00 AM. Roadworks speed limit 40 km/h. Traffic delay 0 to 5 min. ,WESTERN RING ROAD ,0 to 5 min,40,2
Road maintenance,2 lanes closed both directions,Pending,2018-06-30T14:00:00,2018-09-29T16:00:00,Full week including weekends - Sunday to Saturday daily works from 12:00 AM to 02:00 AM. Roadworks speed limit 40 km/h. Traffic delay 0 to 5 min. ,WEST GATE FREEWAY ,0 to 5 min,40,2
Utility works,1 lane closed northbound,Pending,2018-04-08T21:00:00,2018-10-04T21:00:00,Monday to Saturday continuous works 24 hours a day. Roadworks speed limit 40 km/h. Traffic delay 6 to 10 min. ,LINDENOW-GLENALADALE ROAD ,6 to 10 min,40,1
Road maintenance, road closed,Pending,2018-07-08T21:00:00,2018-08-31T07:00:00,Full week including weekends - Sunday to Saturday continuous works 24 hours a day. Roadworks speed limit 60 km/h. Traffic delay 0 to 5 min. ,GLENFERRIE ROAD ,0 to 5 min,60,0
Road maintenance,1 lane closed both directions,Pending,2018-07-01T11:00:00,2018-09-29T18:00:00,Full week including weekends - Sunday to Saturday daily works from 09:00 PM to 04:00 AM. Roadworks speed limit 40 km/h. Traffic delay 0 to 5 min. ,EASTERN FREEWAY ,0 to 5 min,40,1
Utility works, road closed,Pending,2017-10-05T19:00:00,2018-09-07T08:00:00,Full week including weekends - Sunday to Saturday daily works from 06:00 AM to 06:00 PM. Roadworks speed limit 40 km/h. Traffic delay 0 to 5 min. ,DARTS ROAD ,0 to 5 min,40,0
Road maintenance,1 lane closed inbound,Pending,2018-06-27T00:00:00,2018-12-30T03:00:00,Weekdays only - Monday to Friday daily works from 10:00 AM to 02:00 PM. Roadworks speed limit 40 km/h. Traffic delay 0 to 5 min. ,MORNINGTON PENINSULA FREEWAY ,0 to 5 min,40,1
Road maintenance,2 lanes closed westbound,Pending,2018-06-23T12:00:00,2018-09-29T19:00:00,other daily works from 10:00 PM to 05:00 AM. Roadworks speed limit 40 km/h. Traffic delay 0 to 5 min. ,EASTERN FREEWAY ,0 to 5 min,40,2
Road maintenance, road closed,Pending,2018-06-22T12:00:00,2018-09-29T19:00:00,other daily works from 10:00 PM to 05:00 AM. Roadworks speed limit 60 km/h. Traffic delay 0 to 5 min. ,EASTERN FREEWAY ,0 to 5 min,60,1
Road maintenance,2 lanes closed both directions,Pending,2018-06-30T14:00:00,2018-09-30T13:59:00,Full week including weekends - Sunday to Saturday daily works from 12:00 AM to 11:59 PM. Roadworks speed limit 40 km/h. Traffic delay 0 to 5 min. ,WESTERN FREEWAY ,0 to 5 min,40,2
Utility works,1 lane closed southbound,Active,2018-08-07T08:00:00,2018-11-27T07:00:00,"Major Sewer Upgrade. 1 lane closed southbound on Spencer St at Lonsdale St, Bourke St and Flinders Lane from 6PM Tues 7 August 2018 to Nov 2018. Delay expected.People who would normally use Spencer St are advised to plan their journey as delays are expected. Traffic on Dynon Rd is also likely to be impacted.Footscray Rd, King St and Wurundjeri Way are alternative routes that will help minimise delays.",SPENCER STREET ,0 to 5 min,40,1
Road construction,1 lane closed both directions,Pending,2018-05-14T21:00:00,2018-08-31T07:30:00,Full week including weekends - Sunday to Saturday continuous works 24 hours a day. Roadworks speed limit 40 km/h. Traffic delay 0 to 5 min. ,HUME FREEWAY ,0 to 5 min,40,1
Road construction, lanes closed eastbound,Pending,2018-05-21T23:00:00,2018-09-22T05:30:00,Weekdays only - Monday to Friday continuous works 24 hours a day. Roadworks speed limit 60 km/h. Traffic delay 0 to 5 min. ,EASTERN FREEWAY ,0 to 5 min,60,0
Road construction, road closed,Active,2018-07-15T14:00:00,2018-08-31T02:00:00,Full week including weekends - Sunday to Saturday continuous works 24 hours a day. Roadworks speed limit 50 km/h. Traffic delay nil. ,THE ESPLANADE  ,Nil,50,0
Road construction,1 lane closed westbound,Active,2018-08-03T11:00:00,2018-08-23T19:30:00,Full week including weekends - Sunday to Saturday daily works from 09:00 PM to 05:30 AM. Roadworks speed limit 40 km/h. Traffic delay 0 to 5 min. ,OHERNS ROAD ,0 to 5 min,40,1
Road construction, road closed,Pending,2018-07-10T09:00:00,2019-06-29T20:00:00,Full week including weekends - Sunday to Saturday daily works from 07:00 PM to 06:00 AM. Roadworks speed limit 40 km/h. Traffic delay 0 to 5 min. ,WILLESDEN ROAD ,0 to 5 min,40,1
Road construction, ,Pending,2018-07-31T23:00:00,2018-08-31T05:30:00,Full week including weekends - Sunday to Saturday daily works from 09:00 AM to 03:30 PM. Roadworks speed limit 40 km/h. Traffic delay greater than 10 min. ,OVERTON ROAD ,Greater than 10 min,40,0
Utility works, road closed,Pending,2018-07-13T11:00:00,2018-11-21T19:00:00,Full week including weekends - Sunday to Saturday daily works from 09:00 PM to 06:00 AM. Roadworks speed limit 40 km/h. Traffic delay 0 to 5 min. ,HIGH STREET ,0 to 5 min,40,0
Road maintenance,1 lane closed inbound,Pending,2018-06-26T23:30:00,2018-12-30T04:30:00,Full week including weekends - Sunday to Saturday daily works from 09:30 AM to 03:30 PM. Roadworks speed limit 40 km/h. Traffic delay 0 to 5 min. ,MORNINGTON PENINSULA FREEWAY ,0 to 5 min,40,1
Road construction, road closed,Pending,2018-07-03T21:00:00,2018-10-14T06:00:00,Full week including weekends - Sunday to Saturday daily works from 07:00 AM to 05:00 PM. Roadworks speed limit 40 km/h. Traffic delay 0 to 5 min. ,KINGS WAY ,0 to 5 min,40,0
Road construction, road closed,Pending,2018-07-03T21:00:00,2018-09-03T09:00:00,Full week including weekends - Sunday to Saturday continuous works 24 hours a day. Roadworks speed limit 40 km/h. Traffic delay 0 to 5 min. ,HUNTINGDALE ROAD ,0 to 5 min,40,2
Road maintenance,1 lane closed northbound,Active,2018-01-17T20:00:00,2018-09-29T21:00:00,Monday to Saturday continuous works 24 hours a day. Roadworks speed limit 40 km/h. Traffic delay greater than 10 min. ,SOUTH GIPPSLAND HIGHWAY ,Greater than 10 min,40,1
Road maintenance,1 lane closed both directions,Pending,2018-02-02T22:30:00,2019-02-03T04:00:00,Weekdays only - Monday to Friday daily works from 09:30 AM to 03:00 PM. Roadworks speed limit 40 km/h. Traffic delay 0 to 5 min. ,MORNINGTON PENINSULA FREEWAY ,0 to 5 min,40,1
Road maintenance,2 lanes closed both directions,Pending,2018-06-30T14:00:00,2018-09-29T14:00:00,Full week including weekends - Sunday to Saturday daily works from 12:00 AM to 12:00 AM. Roadworks speed limit 40 km/h. Traffic delay 0 to 5 min. ,EASTERN FREEWAY ,0 to 5 min,40,2
Road construction,1 lane closed both directions,Pending,2018-05-29T10:00:00,2018-09-29T19:00:00,Full week including weekends - Sunday to Saturday daily works from 08:00 PM to 05:00 AM. Roadworks speed limit 40 km/h. Traffic delay 0 to 5 min. ,MONASH FREEWAY ,0 to 5 min,40,1
Road maintenance,1 lane closed both directions,Pending,2018-07-01T02:00:00,2019-06-30T02:00:00,Full week including weekends - Sunday to Saturday daily works from 12:00 PM to 12:00 PM. Roadworks speed limit 40 km/h. Traffic delay 0 to 5 min. ,EASTLINK  ,0 to 5 min,40,1
Road maintenance,1 lane closed northbound,Pending,2018-06-21T11:00:00,2018-08-25T19:00:00,Full week including weekends - Sunday to Saturday daily works from 09:00 PM to 05:00 AM. Roadworks speed limit 40 km/h. Traffic delay 0 to 5 min. ,HUME FREEWAY ,0 to 5 min,40,1
Road construction, road closed,Pending,2018-08-10T20:00:00,2018-09-02T09:00:00,Weekend only - Saturday and Sunday daily works from 06:00 AM to 07:00 PM. Roadworks speed limit 40 km/h. Traffic delay 0 to 5 min. ,BELGRAVE ROAD ,0 to 5 min,40,0
Road maintenance,2 lanes closed both directions,Pending,2018-08-07T20:00:00,2018-12-15T07:00:00,Weekdays only - Monday to Friday continuous works 24 hours a day. Roadworks speed limit 40 km/h. Traffic delay 6 to 10 min. ,PRINCES HIGHWAY ,6 to 10 min,40,2
Road construction, road closed,Pending,2018-08-24T09:00:00,2019-09-16T19:30:00,Full week including weekends - Sunday to Saturday daily works from 07:00 PM to 05:30 AM. Roadworks speed limit 40 km/h. Traffic delay 0 to 5 min. ,KOORNANG ROAD ,0 to 5 min,40,0
Road construction, road closed,Active,2018-08-17T20:00:00,2018-09-15T08:00:00,Full week including weekends - Sunday to Saturday daily works from 06:00 AM to 06:00 PM. Roadworks speed limit 40 km/h. Traffic delay 0 to 5 min. ,KOORNANG ROAD ,0 to 5 min,40,0
Utility works,1 lane closed both directions,Pending,2018-08-20T23:30:00,2018-10-24T04:30:00,Full week including weekends - Sunday to Saturday daily works from 09:30 AM to 03:30 PM. Roadworks speed limit 40 km/h. Traffic delay 0 to 5 min. ,GEELONG RING ROAD ,0 to 5 min,40,1
Road maintenance, road closed,Pending,2018-08-09T23:30:00,2018-11-10T04:30:00,Full week including weekends - Sunday to Saturday daily works from 09:30 AM to 03:30 PM. Roadworks speed limit 40 km/h. Traffic delay 0 to 5 min. ,MALVERN ROAD ,0 to 5 min,40,2
Utility works, road closed,Pending,2018-08-13T23:30:00,2018-10-15T04:30:00,Full week including weekends - Sunday to Saturday daily works from 09:30 AM to 03:30 PM. Roadworks speed limit 40 km/h. Traffic delay 0 to 5 min. ,BALLAN ROAD ,0 to 5 min,40,1
Road maintenance,1 lane closed both directions,Pending,2018-08-14T11:00:00,2018-10-14T18:00:00,other daily works from 09:00 PM to 05:00 AM. Roadworks speed limit 40 km/h. Traffic delay 0 to 5 min. ,HUME FREEWAY ,0 to 5 min,40,1
Utility works,1 lane closed southbound,Pending,2018-08-14T11:00:00,2018-08-29T03:30:00,other daily works from 09:00 PM to 01:30 PM. Roadworks speed limit 40 km/h. Traffic delay nil. ,PRINCES FREEWAY ,Nil,40,1
Road construction, road closed,Pending,2018-07-29T09:00:00,2018-08-30T20:00:00,Full week including weekends - Sunday to Saturday daily works from 07:00 PM to 06:00 AM. Roadworks speed limit 60 km/h. Traffic delay 6 to 10 min. ,LIGHTWOOD ROAD ,6 to 10 min,60,0
Road maintenance,1 lane closed southbound,Pending,2018-07-29T21:00:00,2018-08-30T07:30:00,Weekdays only - Monday to Friday daily works from 07:00 AM to 05:30 PM. Roadworks speed limit 60 km/h. Traffic delay nil. ,HUME FREEWAY ,Nil,60,1
Road construction,2 lanes closed southbound,Pending,2018-08-10T20:30:00,2018-08-26T07:00:00,"City Road south bound carriageway closure at Power St due to tower crane dismantle works, only one lane open for north bound traffic. Works happens on 25 and 26 August. Traffic delay 6 to 10 min. ",CITY ROAD ,6 to 10 min,40,2
Road maintenance, road closed,Pending,2018-07-31T23:30:00,2018-12-03T04:30:00,Weekdays only - Monday to Friday daily works from 09:30 AM to 03:30 PM. Roadworks speed limit 40 km/h. Traffic delay 0 to 5 min. ,BUCKLEY STREET ,0 to 5 min,40,1
Road maintenance,1 lane closed northbound,Pending,2018-07-30T11:00:00,2018-09-29T19:00:00,other daily works from 09:00 PM to 05:00 AM. Roadworks speed limit 40 km/h. Traffic delay 0 to 5 min. ,HUME FREEWAY ,0 to 5 min,40,1
Road maintenance,1 lane closed inbound,Pending,2018-08-01T00:00:00,2019-08-24T05:00:00,Weekdays only - Monday to Friday daily works from 10:00 AM to 03:00 PM. Roadworks speed limit 40 km/h. Traffic delay 0 to 5 min. ,PRINCES FREEWAY ,0 to 5 min,40,1
Road construction, road closed,Pending,2018-08-01T20:00:00,2018-08-25T08:00:00,Full week including weekends - Sunday to Saturday continuous works 24 hours a day. Roadworks speed limit 40 km/h. Traffic delay 0 to 5 min. ,POATH ROAD ,0 to 5 min,40,0
Road maintenance,1 lane closed both directions,Pending,2018-08-01T00:00:00,2018-08-24T05:00:00,Weekdays only - Monday to Friday daily works from 10:00 AM to 03:00 PM. Roadworks speed limit 40 km/h. Traffic delay 0 to 5 min. ,PRINCES FREEWAY ,0 to 5 min,40,1
Road maintenance,2 lanes closed southbound,Pending,2018-08-18T21:00:00,2018-08-26T07:00:00,Bay St closed WB between Graham St to Rouse St on Sunday 19/08/2018 from 7am - 5pm. Traffic is being diverted via Graham St. ,BAY STREET ,6 to 10 min,40,2
Sporting/social event, road closed,Pending,2018-08-17T20:00:00,2019-08-18T04:30:00,Event from 06:00 AM to 02:30 PM. Event speed limit nil. Traffic delay 0 to 5 min. ,KAY STREET ,0 to 5 min,0,2
Road construction, road closed,Pending,2018-07-20T20:00:00,2018-09-05T07:00:00,Full week including weekends - Sunday to Saturday daily works from 06:00 AM to 05:00 PM. Roadworks speed limit nil. Traffic delay 6 to 10 min. ,BURKE ROAD ,6 to 10 min,0,0
Utility works, road closed,Pending,2018-07-29T21:00:00,2018-11-30T05:00:00,Full week including weekends - Sunday to Saturday daily works from 07:00 AM to 04:00 PM. Roadworks speed limit 40 km/h. Traffic delay 0 to 5 min. ,VICTORIA PARADE ,0 to 5 min,40,0
Road maintenance, road closed,Pending,2018-08-05T22:00:00,2018-11-06T06:00:00,Full week including weekends - Sunday to Saturday daily works from 08:00 AM to 05:00 PM. Roadworks speed limit nil. Traffic delay 0 to 5 min. ,BARKERS ROAD ,0 to 5 min,0,0
Road construction, road closed,Pending,2018-07-31T21:00:00,2019-05-31T06:00:00,Full week including weekends - Sunday to Saturday daily works from 07:00 AM to 04:00 PM. Roadworks speed limit 40 km/h. Traffic delay 0 to 5 min. ,NORTH ROAD ,0 to 5 min,40,0
Road construction, road closed,Active,2018-08-16T14:00:00,2018-09-27T14:00:00,Full week including weekends - Sunday to Saturday continuous works 24 hours a day. Roadworks speed limit nil. Traffic delay 6 to 10 min. ,SEAFORD ROAD ,6 to 10 min,0,0
Utility works,1 lane closed eastbound,Pending,2018-05-25T01:00:00,2018-10-22T18:00:00,City West Water replaces existing sewer on Alexandra Pde. 1 west bound traffic lane closed from 11:00 AM to 08:00 PM weekdays and 7:00AM to 7:00PM weekends. Roadworks speed limit 40 km/h. Traffic delay 6 to 10 min. ,ALEXANDRA PARADE ,6 to 10 min,40,1
Road construction, road closed,Pending,2018-07-24T11:00:00,2018-08-23T19:00:00,Full week including weekends - Sunday to Saturday daily works from 09:00 PM to 05:00 AM. Roadworks speed limit 40 km/h. Traffic delay 0 to 5 min. ,SEAFORD ROAD ,0 to 5 min,40,1
Road maintenance,1 lane closed both directions,Pending,2018-08-02T20:00:00,2019-02-03T08:00:00,Full week including weekends - Sunday to Saturday continuous works 24 hours a day. Roadworks speed limit 40 km/h. Traffic delay greater than 10 min. ,PRINCES HIGHWAY ,Greater than 10 min,40,1
